Name,cr_numeric,HP,AC,boss_score,lieutenant_score,minion_score,solo_challenge_score,enhanced_version_score,brute_score,tank_score,skirmisher_score,spellcaster_score,controller_score,ambusher_score,swarm_score,archetypes,family_position,family_size
Aboleth,10.0,135 (18d10+36),17 (Natural Armor),1.0,0.3,0.0,0.0,0.0,0.4,0.2,0.2,0.0,0.2,0.0,0.0,"Boss, Lieutenant, Brute",solo,1
Acolyte,0.25,9 (2d8),10,0.2,0.0,0.0,0.0,0.0,0.5,0.5,0.0,0.6,0.0,0.0,0.0,"Brute, Tank, Spellcaster",solo,1
Adult Black Dragon,14.0,195 (17d12+85),19 (Natural Armor),1.0,0.5,0.0,0.0,0.0,0.0,0.6000000000000001,0.5,0.0,0.2,0.0,0.0,"Boss, Lieutenant, Tank, Skirmisher",lieutenant,3
Adult Blue Dragon,16.0,225 (18d12+108),19,1.0,0.5,0.0,0.0,0.0,0.0,0.0,0.3,0.0,0.2,0.0,0.0,"Boss, Lieutenant, Skirmisher",lieutenant,3
Adult Brass Dragon,13.0,172 (15d12+75),18 (Natural Armor),1.0,0.5,0.0,0.0,0.0,0.0,0.2,0.5,0.0,0.2,0.0,0.0,"Boss, Lieutenant, Skirmisher",lieutenant,3
Adult Bronze Dragon,15.0,212 (17d12+102),19 (Natural Armor),1.0,0.8,0.0,0.0,0.0,0.0,0.2,0.3,0.0,0.2,0.0,0.0,"Boss, Lieutenant, Skirmisher",lieutenant,3
Adult Copper Dragon,14.0,184 (16d12+80),18 (Natural Armor),1.0,0.5,0.0,0.0,0.0,0.0,0.2,0.5,0.0,0.2,0.0,0.0,"Boss, Lieutenant, Skirmisher",lieutenant,3
Adult Gold Dragon,17.0,256 (19d12+133),19 (Natural Armor),1.0,0.8,0.0,0.0,0.0,0.0,0.2,0.6,0.0,0.2,0.0,0.0,"Boss, Lieutenant, Skirmisher",lieutenant,3
Adult Green Dragon,15.0,207 (18d12+90),19 (Natural Armor),1.0,0.5,0.0,0.0,0.0,0.3,0.0,0.3,0.0,0.2,0.0,0.0,"Boss, Lieutenant, Brute, Skirmisher",lieutenant,3
Adult Red Dragon,17.0,256 (19d12+133),19 (Natural Armor),1.0,0.5,0.0,0.0,0.0,0.3,0.0,0.3,0.0,0.2,0.0,0.0,"Boss, Lieutenant, Brute, Skirmisher",lieutenant,3
Adult Silver Dragon,16.0,243 (18d12+126),19 (Natural Armor),1.0,0.8,0.0,0.0,0.0,0.0,0.2,0.3,0.0,0.4,0.0,0.0,"Boss, Lieutenant, Skirmisher, Controller",lieutenant,3
Adult White Dragon,13.0,200 (16d12+96),18 (Natural Armor),1.0,0.8,0.0,0.0,0.0,0.0,0.2,0.3,0.0,0.5,0.0,0.0,"Boss, Lieutenant, Skirmisher, Controller",lieutenant,3
Air Elemental,5.0,90 (12d10+24),15,0.0,0.0,0.0,0.0,0.0,0.5,0.3,0.3,0.0,0.2,0.0,0.0,"Brute, Tank, Skirmisher",solo,1
Allosaurus,2.0,51 (6d10 + 18),13,0.0,0.0,0.0,0.0,0.0,0.3,0.0,0.3,0.0,0.2,0.0,0.0,"Brute, Skirmisher",solo,1
Ancient Black Dragon,21.0,367 (21d20+147),22 (Natural Armor),1.0,0.0,0.0,0.0,0.8,0.0,0.6000000000000001,0.5,0.0,0.2,0.0,0.0,"Boss, Enhanced, Tank, Skirmisher",boss,3
Ancient Blue Dragon,23.0,481 (26d20+208),22 (Natural Armor),1.0,0.0,0.0,0.0,0.8,0.2,0.0,0.3,0.0,0.2,0.0,0.0,"Boss, Enhanced, Skirmisher",boss,3
Ancient Brass Dragon,20.0,297 (17d20+119),20 (Natural Armor),1.0,0.3,0.0,0.0,0.8,0.0,0.2,0.5,0.0,0.2,0.0,0.0,"Boss, Lieutenant, Enhanced, Skirmisher",boss,3
Ancient Bronze Dragon,22.0,444 (24d20+192),22 (Natural Armor),1.0,0.3,0.0,0.0,0.8,0.0,0.2,0.3,0.0,0.2,0.0,0.0,"Boss, Lieutenant, Enhanced, Skirmisher",boss,3
Ancient Copper Dragon,21.0,350 (20d20+140),21 (Natural Armor),1.0,0.3,0.0,0.0,0.8,0.0,0.2,0.3,0.0,0.2,0.0,0.0,"Boss, Lieutenant, Enhanced, Skirmisher",boss,3
Ancient Gold Dragon,24.0,546 (28d20+252),22 (Natural Armor),1.0,0.3,0.0,0.0,0.8,0.2,0.2,0.6,0.0,0.2,0.0,0.0,"Boss, Lieutenant, Enhanced, Skirmisher",boss,3
Ancient Green Dragon,22.0,385 (22d20+154),21 (Natural Armor),1.0,0.0,0.0,0.0,0.8,0.2,0.0,0.3,0.0,0.2,0.0,0.0,"Boss, Enhanced, Skirmisher",boss,3
Ancient Red Dragon,24.0,546 (28d20+252),22 (Natural Armor),1.0,0.0,0.0,0.0,0.8,0.5,0.0,0.3,0.0,0.2,0.0,0.0,"Boss, Enhanced, Brute, Skirmisher",boss,3
Ancient Silver Dragon,23.0,487 (25d20+225),22 (Natural Armor),1.0,0.3,0.0,0.0,0.8,0.0,0.2,0.3,0.0,0.4,0.0,0.0,"Boss, Lieutenant, Enhanced, Skirmisher, Controller",boss,3
Ancient White Dragon,20.0,333 (18d20+144),20 (Natural Armor),1.0,0.3,0.0,0.0,0.8,0.0,0.2,0.3,0.0,0.5,0.0,0.0,"Boss, Lieutenant, Enhanced, Skirmisher, Controller",boss,3
Androsphinx,17.0,199 (19d10+95),17 (Natural Armor),1.0,0.0,0.0,0.0,0.0,0.2,0.2,0.5,0.9,0.6,0.0,0.0,"Boss, Skirmisher, Spellcaster, Controller",solo,1
Animated Armor,1.0,33 (6d8+6),18 (Natural Armor),0.0,0.0,0.0,0.0,0.0,0.0,0.6000000000000001,0.2,0.0,0.0,0.0,0.0,Tank,solo,1
Animated Flying Sword,0.25,14 (4d6),17,0.0,0.0,0.0,0.0,0.0,0.0,0.6000000000000001,1.0,0.0,0.0,0.0,0.0,"Tank, Skirmisher",solo,1
Animated Object (Huge),0.0,40,15,0.0,0.0,0.0,0.0,0.0,0.6,0.7,0.2,0.6,0.0,0.0,0.0,"Brute, Tank, Spellcaster",solo,1
Animated Object (Large),0.0,20,15,0.0,0.0,0.0,0.0,0.0,0.0,0.4,0.2,0.6,0.0,0.0,0.0,"Tank, Spellcaster",solo,1
Animated Object (Small or Medium),0.0,10,15,0.0,0.0,0.0,0.0,0.0,0.0,0.6000000000000001,0.4,0.0,0.0,0.0,0.0,"Tank, Skirmisher",solo,1
Animated Object (Tiny),0.0,10,15,0.0,0.0,0.0,0.0,0.0,0.0,0.6000000000000001,0.4,0.0,0.0,0.0,0.0,"Tank, Skirmisher",solo,1
Animated Rug of Smothering,2.0,27 (5d10),12,0.0,0.0,0.0,0.0,0.0,0.4,0.0,0.0,0.0,0.4,0.0,0.0,"Brute, Controller",solo,1
Ankheg,2.0,39 (6d10+6),"14 (Natural Armor, 11 While Prone)",0.0,0.0,0.0,0.0,0.0,0.3,0.0,0.2,0.0,0.2,0.0,0.0,Brute,solo,1
Ankylosaurus,3.0,68 (8d12 + 16),15,0.0,0.0,0.0,0.0,0.0,0.5,0.3,0.0,0.0,0.2,0.0,0.0,"Brute, Tank",solo,1
Ape,0.5,19 (3d8+6),12,0.0,0.0,0.0,0.0,0.0,0.5,0.0,0.2,0.0,0.0,0.0,0.0,Brute,solo,1
Archelon,4.0,90 (12d12 + 12),17,0.0,0.0,0.0,0.0,0.0,0.8,0.3,0.2,0.0,0.0,0.0,0.0,"Brute, Tank",solo,1
Archmage,12.0,99 (18d8+18),12 (15 With Mage Armor),0.2,0.0,0.0,0.0,0.0,0.7,0.5,0.0,0.9,0.0,0.0,0.0,"Brute, Tank, Spellcaster",solo,1
Assassin,8.0,78 (12d8+24),15 (Studded Leather),0.2,0.3,0.0,0.0,0.0,0.8,0.3,0.0,0.0,0.0,0.7,0.0,"Lieutenant, Brute, Tank, Ambusher",solo,1
Avatar of Death,0.0,1 (1d1),20,0.0,0.0,0.0,0.0,0.0,0.0,0.6000000000000001,1.0,0.0,0.3,0.0,0.0,"Tank, Skirmisher, Controller",solo,1
Awakened Shrub,0.0,10 (3d6),9,0.0,0.0,0.0,0.0,0.0,0.2,0.6000000000000001,0.4,0.0,0.0,0.0,0.0,"Tank, Skirmisher",solo,1
Awakened Tree,2.0,59 (7d12+14),13 (Natural Armor),0.0,0.0,0.0,0.0,0.0,0.8,0.3,0.0,0.0,0.0,0.0,0.0,"Brute, Tank",solo,1
Axe Beak,0.25,19 (3d10+3),11,0.0,0.0,0.0,0.0,0.0,0.2,0.2,0.5,0.0,0.0,0.0,0.0,Skirmisher,solo,1
Azer,2.0,39 (6d8+12),"17 (Natural Armor, Shield)",0.0,0.0,0.0,0.4,0.0,0.2,0.4,0.2,0.0,0.0,0.0,0.0,"Solo Challenge, Tank",solo,1
Azer Sentinel,2.0,39 (6d8 + 12),17,0.0,0.0,0.0,0.4,0.0,0.2,0.4,0.2,0.0,0.0,0.0,0.0,"Solo Challenge, Tank",solo,1
Baboon,0.0,3 (1d6),12,0.2,0.3,0.5,0.0,0.0,0.0,0.2,0.0,0.0,0.0,0.0,0.0,"Lieutenant, Minion",solo,1
Badger,0.0,3 (1d4+1),10,0.0,0.0,0.0,0.0,0.0,0.4,0.2,0.0,0.0,0.0,0.0,0.0,Brute,solo,1
Balor,19.0,262 (21d12+126),19 (Natural Armor),0.2,0.3,0.0,0.3,0.0,0.2,0.0,0.5,0.0,0.0,0.0,0.0,"Lieutenant, Solo Challenge, Skirmisher",solo,1
Bandit,0.125,11 (2d8+2),12 (Leather Armor),0.0,0.0,0.5,0.0,0.0,0.0,0.2,0.2,0.0,0.0,0.0,0.0,Minion,minion,2
Bandit Captain,2.0,65 (10d8+20),15 (Studded Leather),0.4,0.4,0.0,0.0,0.0,0.5,0.7,0.2,0.0,0.0,0.0,0.0,"Boss, Lieutenant, Brute, Tank",boss,2
Barbed Devil,5.0,110 (13d8+52),15 (Natural Armor),0.0,0.0,0.0,0.0,0.0,0.2,0.2,0.2,0.0,0.3,0.0,0.0,Controller,solo,1
Basilisk,3.0,52 (8d8+16),15 (Natural Armor),0.2,0.3,0.0,0.0,0.0,0.2,0.0,0.2,0.0,0.2,0.4,0.0,"Lieutenant, Ambusher",solo,1
Bat,0.0,1 (1d4-1),12,0.0,0.0,0.0,0.0,0.0,0.0,0.2,0.8,0.0,0.0,0.0,0.0,Skirmisher,solo,1
Bearded Devil,3.0,52 (8d8+16),13 (Natural Armor),0.0,0.0,0.0,0.0,0.0,0.2,0.0,0.0,0.0,0.5,0.0,0.0,Controller,solo,1
Behir,11.0,168 (16d12+64),17 (Natural Armor),0.0,0.0,0.0,0.4,0.0,0.5,0.0,0.5,0.0,0.6,0.0,0.0,"Solo Challenge, Brute, Skirmisher, Controller",solo,1
Berserker,2.0,67 (9d8+27),13 (Hide Armor),0.0,0.0,0.0,0.0,0.0,0.5,0.5,0.0,0.0,0.0,0.0,0.0,"Brute, Tank",solo,1
Black Bear,0.5,19 (3d8+6),11 (Natural Armor),0.0,0.0,0.0,0.0,0.0,0.5,0.0,0.5,0.0,0.0,0.0,0.0,"Brute, Skirmisher",solo,1
Black Dragon Wyrmling,2.0,33 (6d8+6),17 (Natural Armor),0.0,0.0,0.0,0.4,0.0,0.0,0.4,0.5,0.0,0.0,0.0,0.0,"Solo Challenge, Tank, Skirmisher",solo,1
Black Pudding,4.0,85 (10d10+30),7,0.0,0.0,0.0,0.0,0.0,0.5,0.7,0.2,0.0,0.0,0.0,0.0,"Brute, Tank",solo,1
Blink Dog,0.25,22 (4d8+4),13,0.2,0.3,0.0,0.3,0.0,0.0,0.2,0.0,0.0,0.0,0.0,0.0,"Lieutenant, Solo Challenge",solo,1
Blood Hawk,0.125,7 (2d6),12,0.2,0.3,0.5,0.0,0.0,0.7,0.5,0.3,0.0,0.0,0.0,0.0,"Lieutenant, Minion, Brute, Tank, Skirmisher",solo,1
Blue Dragon Wyrmling,3.0,52 (8d8+16),17 (Natural Armor),0.0,0.0,0.0,0.4,0.0,0.0,0.6000000000000001,0.5,0.0,0.0,0.0,0.0,"Solo Challenge, Tank, Skirmisher",solo,1
Boar,0.25,11 (2d8+2),11 (Natural Armor),0.0,0.0,0.0,0.0,0.0,0.2,0.2,0.2,0.0,0.2,0.0,0.0,Standard,solo,1
Bone Devil,9.0,142 (15d10+60),19 (Natural Armor),0.0,0.0,0.0,0.0,0.0,0.3,0.4,0.7,0.0,0.3,0.0,0.0,"Brute, Tank, Skirmisher, Controller",solo,1
Brass Dragon Wyrmling,1.0,16 (3d8+3),16 (Natural Armor),0.0,0.0,0.0,0.4,0.0,0.0,0.6000000000000001,0.7,0.0,0.0,0.0,0.0,"Solo Challenge, Tank, Skirmisher",solo,1
Bronze Dragon Wyrmling,2.0,32 (5d8+10),17 (Natural Armor),0.0,0.0,0.0,0.4,0.0,0.0,0.6000000000000001,0.5,0.0,0.0,0.0,0.0,"Solo Challenge, Tank, Skirmisher",solo,1
Brown Bear,1.0,34 (4d10+12),11 (Natural Armor),0.0,0.0,0.0,0.0,0.0,0.5,0.0,0.3,0.0,0.0,0.0,0.0,"Brute, Skirmisher",solo,1
Bugbear,1.0,27 (5d8+5),"16 (Hide Armor, Shield)",0.0,0.0,0.5,0.0,0.0,0.0,0.4,0.2,0.0,0.0,0.4,0.0,"Minion, Tank, Ambusher",minion,2
Bugbear Stalker,3.0,65 (10d8 + 20),15,0.0,0.0,0.0,0.0,0.0,0.5,0.0,0.0,0.0,0.2,0.0,0.0,Brute,solo,1
Bugbear Warrior,1.0,33 (6d8 + 6),14,0.4,0.0,0.0,0.0,0.0,0.0,0.0,0.2,0.0,0.2,0.0,0.0,Boss,boss,2
Bulette,5.0,94 (9d10+45),17 (Natural Armor),0.0,0.0,0.0,0.3,0.0,0.3,0.3,0.5,0.0,0.2,0.0,0.0,"Solo Challenge, Brute, Tank, Skirmisher",solo,1
Bullywug Bog Sage,4.0,52 (8d8 + 16),16,0.0,0.0,0.0,0.0,0.0,0.3,0.0,0.4,0.0,0.0,0.0,0.0,"Brute, Skirmisher",solo,1
Bullywug Warrior,0.25,11 (2d8 + 2),15,0.0,0.0,0.0,0.0,0.0,0.0,0.4,0.4,0.0,0.0,0.0,0.0,"Tank, Skirmisher",solo,1
Camel,0.125,15 (2d10+4),9,0.0,0.0,0.0,0.0,0.0,0.0,0.6000000000000001,0.7,0.0,0.0,0.0,0.0,"Tank, Skirmisher",solo,1
Carrion Crawler,2.0,51 (6d10 + 18),13,0.2,0.3,0.0,0.0,0.0,0.0,0.0,0.0,0.0,0.2,0.0,0.0,Lieutenant,solo,1
Cat,0.0,2 (1d4),12,0.0,0.0,0.0,0.0,0.0,0.0,0.2,0.3,0.0,0.0,0.0,0.0,Skirmisher,solo,1
Centaur,2.0,45 (6d10+12),12,0.0,0.0,0.0,0.0,0.0,0.5,0.0,0.3,0.0,0.0,0.0,0.0,"Brute, Skirmisher",solo,1
Centaur Trooper,2.0,45 (6d10 + 12),16,0.0,0.0,0.0,0.0,0.0,0.3,0.4,0.5,0.0,0.0,0.0,0.0,"Brute, Tank, Skirmisher",solo,1
Chain Devil,8.0,85 (10d8+40),16 (Natural Armor),0.2,0.3,0.0,0.0,0.0,0.5,0.5,0.0,0.0,0.7,0.0,0.0,"Lieutenant, Brute, Tank, Controller",solo,1
Chimera,6.0,114 (12d10+48),14 (Natural Armor),0.0,0.0,0.0,0.4,0.0,0.0,0.2,0.5,0.0,0.0,0.0,0.0,"Solo Challenge, Skirmisher",solo,1
Chuul,4.0,93 (11d10+33),16 (Natural Armor),0.0,0.0,0.0,0.0,0.0,0.3,0.5,0.2,0.0,0.4,0.0,0.0,"Brute, Tank, Controller",solo,1
Clay Golem,9.0,133 (14d10+56),14 (Natural Armor),0.2,0.3,0.0,0.0,0.0,0.4,0.2,0.2,0.0,0.0,0.0,0.0,"Lieutenant, Brute",solo,1
Cloaker,8.0,78 (12d10+12),14 (Natural Armor),0.2,0.3,0.0,0.0,0.0,0.7,0.5,0.3,0.0,0.2,0.0,0.0,"Lieutenant, Brute, Tank, Skirmisher",solo,1
Cloud Giant,9.0,200 (16d12+96),14 (Natural Armor),0.0,0.0,0.0,0.0,0.0,0.5,0.3,0.0,0.6,0.3,0.0,0.0,"Brute, Tank, Spellcaster, Controller",solo,1
Cockatrice,0.5,27 (6d6+6),11,0.4,0.3,0.0,0.0,0.0,0.4,0.2,0.3,0.0,0.2,0.0,0.0,"Boss, Lieutenant, Brute, Skirmisher",solo,1
Commoner,0.0,4 (1d8),10,0.0,0.0,0.0,0.0,0.0,0.5,0.5,0.0,0.0,0.0,0.0,0.0,"Brute, Tank",solo,1
Constrictor Snake,0.25,13 (2d10+2),12,0.0,0.0,0.0,0.0,0.0,0.2,0.2,0.2,0.0,0.4,0.0,0.0,Controller,solo,1
Copper Dragon Wyrmling,1.0,22 (4d8+4),16 (Natural Armor),0.0,0.0,0.0,0.4,0.0,0.0,0.6000000000000001,0.5,0.0,0.0,0.0,0.0,"Solo Challenge, Tank, Skirmisher",solo,1
Couatl,4.0,97 (13d8+39),19 (Natural Armor),0.2,0.3,0.0,0.0,0.0,0.3,0.8999999999999999,0.5,0.6,0.4,0.0,0.0,"Lieutenant, Brute, Tank, Skirmisher, Spellcaster, Controller",solo,1
Crab,0.0,2 (1d4),11 (Natural Armor),0.0,0.0,0.0,0.0,0.0,0.2,0.2,0.0,0.0,0.0,0.0,0.0,Standard,solo,1
Crocodile,0.5,19 (3d10+3),12 (Natural Armor),0.0,0.0,0.0,0.0,0.0,0.0,0.2,0.2,0.0,0.4,0.0,0.0,Controller,solo,1
Cult Fanatic,2.0,33 (6d8+6),13 (Leather Armor),0.2,0.0,0.0,0.0,0.0,0.2,0.2,0.0,0.9,0.4,0.0,0.0,"Spellcaster, Controller",solo,1
Cultist,0.125,9 (2d8),12 (Leather Armor),0.0,0.0,0.0,0.0,0.0,0.3,0.5,0.0,0.0,0.4,0.0,0.0,"Brute, Tank, Controller",solo,1
Cultist Fanatic,2.0,44 (8d8 + 8),13,0.2,0.0,0.0,0.0,0.0,0.5,0.0,0.0,0.0,0.0,0.0,0.0,Brute,solo,1
Darkmantle,0.5,22 (5d6+5),11,0.0,0.0,0.0,0.7,0.0,0.4,0.2,0.3,0.0,0.3,0.0,0.0,"Solo Challenge, Brute, Skirmisher, Controller",solo,1
Death Dog,1.0,39 (6d8+12),12,0.0,0.0,0.0,0.0,0.0,0.2,0.0,0.0,0.0,0.6,0.0,0.0,Controller,solo,1
Deep Gnome (Svirfneblin),0.5,16 (3d6 + 6),15 (chain shirt),0.0,0.0,0.0,0.0,0.0,0.2,0.6000000000000001,0.4,0.6,0.0,0.4,0.0,"Tank, Skirmisher, Spellcaster, Ambusher",solo,1
Deer,0.0,4 (1d8),13,0.0,0.0,0.0,0.0,0.0,0.3,0.5,0.3,0.0,0.0,0.0,0.0,"Brute, Tank, Skirmisher",solo,1
Deva,10.0,136 (16d8+64),17 (Natural Armor),0.4,0.3,0.0,0.0,0.0,0.2,0.2,0.5,0.6,0.0,0.0,0.0,"Boss, Lieutenant, Skirmisher, Spellcaster",solo,1
Dire Wolf,1.0,37 (5d10+10),14 (Natural Armor),0.6000000000000001,0.3,0.5,0.0,0.8,0.0,0.0,0.5,0.0,0.2,0.0,0.0,"Boss, Lieutenant, Minion, Enhanced, Skirmisher",boss,2
Diseased Giant Rat,0.125,7,12,0.2,0.3,0.5,0.0,0.0,0.5,0.5,0.0,0.0,0.0,0.0,0.0,"Lieutenant, Minion, Brute, Tank",solo,1
Djinni,11.0,161 (14d10+84),17 (Natural Armor),0.2,0.3,0.0,0.3,0.0,0.2,0.0,0.5,0.6,0.2,0.0,0.0,"Lieutenant, Solo Challenge, Skirmisher, Spellcaster",solo,1
Doppelganger,3.0,52 (8d8+16),14,0.2,0.3,0.0,0.0,0.0,0.2,0.2,0.0,0.0,0.0,0.4,0.0,"Lieutenant, Ambusher",solo,1
Draconic Spirit,0.0,50,19 (plus the spell's level; base included),0.0,0.0,0.0,0.4,0.0,0.3,0.8999999999999999,0.5,0.0,0.0,0.0,0.0,"Solo Challenge, Brute, Tank, Skirmisher",solo,1
Draft Horse,0.25,19 (3d10+3),10,0.0,0.0,0.0,0.0,0.0,0.2,0.0,0.2,0.0,0.0,0.0,0.0,Standard,solo,1
Dragon Turtle,17.0,341 (22d20+10),20 (Natural Armor),0.0,0.0,0.0,0.7,0.0,0.8,0.7,0.2,0.0,0.2,0.0,0.0,"Solo Challenge, Brute, Tank",solo,1
Dretch,0.25,18 (4d6+4),11 (Natural Armor),0.0,0.0,0.0,0.4,0.0,0.4,0.0,0.2,0.0,0.0,0.0,0.0,"Solo Challenge, Brute",solo,1
Drider,6.0,123 (13d10+52),19 (Natural Armor),0.0,0.0,0.0,0.0,0.0,0.0,0.6000000000000001,0.4,0.6,0.5,0.0,0.0,"Tank, Skirmisher, Spellcaster, Controller",solo,1
Drow,0.25,13 (3d8),15 (Chain Shirt),0.0,0.0,0.0,0.0,0.0,0.0,0.6000000000000001,0.4,0.6,0.5,0.0,0.0,"Tank, Skirmisher, Spellcaster, Controller",solo,1
Druid,2.0,27 (5d8+5),11 (16 With Barkskin),0.2,0.0,0.0,0.0,0.0,0.4,0.2,0.0,0.9,0.0,0.0,0.0,"Brute, Spellcaster",solo,1
Dryad,1.0,22 (5d8),11 (16 With Barkskin),0.4,0.3,0.0,0.0,0.0,0.2,0.0,0.0,0.6,0.2,0.0,0.0,"Boss, Lieutenant, Spellcaster",solo,1
Duergar,1.0,26 (4d8+4),"16 (Scale Mail, Shield)",0.2,0.3,0.0,0.3,0.0,0.0,0.6000000000000001,0.2,0.0,0.4,0.4,0.0,"Lieutenant, Solo Challenge, Tank, Controller, Ambusher",solo,1
Dust Mephit,0.5,17 (5d6),12,0.0,0.0,0.0,0.4,0.0,0.2,0.2,0.5,0.6,0.0,0.0,0.0,"Solo Challenge, Skirmisher, Spellcaster",solo,1
Eagle,0.0,3 (1d6),12,0.0,0.0,0.0,0.0,0.0,0.2,0.2,0.3,0.0,0.0,0.0,0.0,Skirmisher,solo,1
Earth Elemental,5.0,126 (12d10+60),17 (Natural Armor),0.0,0.0,0.0,0.0,0.0,0.0,0.0,0.4,0.0,0.0,0.0,0.0,Skirmisher,solo,1
Efreeti,11.0,200 (16d10+112),17 (Natural Armor),0.0,0.0,0.0,0.0,0.0,0.5,0.5,0.3,0.6,0.0,0.0,0.0,"Brute, Tank, Skirmisher, Spellcaster",solo,1
Elephant,4.0,76 (8d12+24),12 (Natural Armor),0.0,0.0,0.0,0.0,0.0,0.2,0.0,0.0,0.0,0.2,0.0,0.0,Standard,solo,1
Elk,0.25,13 (2d10+2),10,0.0,0.0,0.0,0.0,0.0,0.2,0.0,0.5,0.0,0.2,0.0,0.0,Skirmisher,solo,1
Erinyes,12.0,153 (18d8+72),18 (Plate),0.0,0.0,0.0,0.0,0.0,0.0,0.4,0.7,0.0,0.0,0.0,0.0,"Tank, Skirmisher",solo,1
Ettercap,2.0,44 (8d8+8),13 (Natural Armor),0.0,0.0,0.0,0.0,0.0,0.3,0.0,0.0,0.0,0.5,0.0,0.0,"Brute, Controller",solo,1
Ettin,4.0,85 (10d10+30),12 (Natural Armor),0.0,0.0,0.0,0.0,0.0,0.8,0.3,0.0,0.0,0.6,0.0,0.0,"Brute, Tank, Controller",solo,1
Fire Elemental,5.0,102 (12d10+36),13,0.0,0.0,0.0,0.4,0.0,0.2,0.2,0.5,0.0,0.0,0.0,0.0,"Solo Challenge, Skirmisher",solo,1
Fire Giant,9.0,162 (13d12+78),18 (Plate),0.0,0.0,0.0,0.0,0.0,0.5,0.4,0.2,0.0,0.0,0.0,0.0,"Brute, Tank",solo,1
Flesh Golem,5.0,93 (11d8+44),9,0.0,0.0,0.0,0.0,0.0,0.5,0.7,0.2,0.0,0.0,0.0,0.0,"Brute, Tank",solo,1
Flying Snake,0.125,5 (2d4),14,0.0,0.0,0.0,0.0,0.0,0.3,0.3,0.5,0.0,0.0,0.0,0.0,"Brute, Tank, Skirmisher",solo,1
Flying Sword,0.25,17 (5d6),17 (Natural Armor),0.0,0.0,0.0,0.0,0.0,0.2,0.6000000000000001,0.7,0.0,0.0,0.0,0.0,"Tank, Skirmisher",solo,1
Frog,0.0,1 (1d4-1),11,0.0,0.0,0.0,0.3,0.0,0.2,0.2,0.2,0.0,0.0,0.0,0.0,Solo Challenge,solo,1
Frost Giant,8.0,138 (12d12+60),15 (Patchwork Armor),0.0,0.0,0.0,0.0,0.0,0.3,0.0,0.2,0.0,0.0,0.0,0.0,Brute,solo,1
Gargoyle,2.0,52 (7d8+21),15 (Natural Armor),0.0,0.0,0.0,0.0,0.0,0.0,0.4,0.5,0.0,0.0,0.0,0.0,"Tank, Skirmisher",solo,1
Gelatinous Cube,2.0,84 (8d10+40),6,0.0,0.0,0.0,0.0,0.0,0.5,0.7,0.2,0.0,0.2,0.4,0.0,"Brute, Tank, Ambusher",solo,1
Ghast,2.0,36 (8d8),13,0.0,0.0,0.0,0.0,0.0,0.2,0.0,0.0,0.0,0.2,0.0,0.0,Standard,solo,1
Ghost,4.0,45 (10d8),11,0.2,0.0,0.0,0.0,0.0,0.4,0.2,0.5,0.0,0.7,0.0,0.0,"Brute, Skirmisher, Controller",solo,1
Ghoul,1.0,22 (5d8),12,0.0,0.0,0.0,0.0,0.0,0.2,0.0,0.0,0.0,0.2,0.0,0.0,Standard,solo,1
Giant Ape,7.0,157 (15d12+60),12,0.0,0.0,0.0,0.0,0.0,0.5,0.0,0.0,0.0,0.0,0.0,0.0,Brute,solo,1
Giant Badger,0.25,13 (2d8+4),10,0.0,0.0,0.0,0.0,0.0,0.5,0.0,0.2,0.0,0.0,0.0,0.0,Brute,solo,1
Giant Bat,0.25,22 (4d10),13,0.0,0.0,0.0,0.0,0.0,0.2,0.2,0.3,0.0,0.0,0.0,0.0,Skirmisher,solo,1
Giant Boar,2.0,42 (5d10+15),12 (Natural Armor),0.0,0.0,0.0,0.0,0.0,0.0,0.0,0.0,0.0,0.2,0.0,0.0,Standard,solo,1
Giant Centipede,0.25,4 (1d6+1),13 (Natural Armor),0.0,0.0,0.0,0.0,0.0,0.3,0.0,0.2,0.0,0.2,0.0,0.0,Brute,solo,1
Giant Constrictor Snake,2.0,60 (8d12+8),12,0.0,0.0,0.0,0.0,0.0,0.5,0.3,0.0,0.0,0.4,0.0,0.0,"Brute, Tank, Controller",solo,1
Giant Crab,0.125,13 (3d8),15 (Natural Armor),0.0,0.0,0.0,0.0,0.0,0.0,0.6000000000000001,0.4,0.0,0.2,0.0,0.0,"Tank, Skirmisher",solo,1
Giant Crocodile,5.0,85 (9d12+27),14 (Natural Armor),0.0,0.0,0.0,0.0,0.0,0.6,0.3,0.0,0.0,0.6,0.0,0.0,"Brute, Tank, Controller",solo,1
Giant Eagle,1.0,26 (4d10+4),13,0.0,0.0,0.0,0.0,0.0,0.5,0.0,0.3,0.0,0.0,0.0,0.0,"Brute, Skirmisher",solo,1
Giant Elk,2.0,42 (5d12+10),14 (Natural Armor),0.0,0.0,0.0,0.0,0.0,0.3,0.0,0.5,0.0,0.2,0.0,0.0,"Brute, Skirmisher",solo,1
Giant Fire Beetle,0.0,4 (1d6+1),13 (Natural Armor),0.0,0.0,0.0,0.4,0.0,0.3,0.5,0.2,0.0,0.0,0.0,0.0,"Solo Challenge, Brute, Tank",solo,1
Giant Frog,0.25,18 (4d8),11,0.0,0.0,0.0,0.7,0.0,0.2,0.2,0.2,0.0,0.6,0.0,0.0,"Solo Challenge, Controller",solo,1
Giant Goat,0.5,19 (3d10+3),11 (Natural Armor),0.0,0.0,0.0,0.0,0.0,0.2,0.0,0.2,0.0,0.2,0.0,0.0,Standard,solo,1
Giant Hyena,1.0,45 (6d10+12),12,0.0,0.0,0.0,0.0,0.0,0.5,0.3,0.3,0.0,0.0,0.0,0.0,"Brute, Tank, Skirmisher",solo,1
Giant Insect,0.0,30,15 (plus the spell's level; base included),0.0,0.0,0.0,0.0,0.0,0.3,0.4,0.8,0.0,0.3,0.0,0.0,"Brute, Tank, Skirmisher, Controller",solo,1
Giant Lizard,0.25,19 (3d10+3),12 (Natural Armor),0.0,0.0,0.0,0.0,0.0,0.0,0.2,0.2,0.0,0.0,0.0,0.0,Standard,solo,1
Giant Octopus,1.0,52 (8d10+8),11,0.0,0.0,0.0,0.0,0.0,0.7,0.3,0.0,0.0,0.4,0.4,0.0,"Brute, Tank, Controller, Ambusher",solo,1
Giant Owl,0.25,19 (3d10+3),12,0.0,0.0,0.0,0.0,0.0,0.2,0.0,0.8,0.0,0.0,0.0,0.0,Skirmisher,solo,1
Giant Poisonous Snake,0.25,11 (2d8+2),14,0.0,0.0,0.0,0.0,0.0,0.3,0.0,0.4,0.0,0.0,0.0,0.0,"Brute, Skirmisher",solo,1
Giant Rat,0.125,7 (2d6),12,0.2,0.3,0.5,0.0,0.0,0.5,0.5,0.0,0.0,0.0,0.0,0.0,"Lieutenant, Minion, Brute, Tank",solo,1
Giant Scorpion,3.0,52 (7d10+14),15 (Natural Armor),0.0,0.0,0.0,0.0,0.0,0.0,0.0,0.5,0.0,0.2,0.0,0.0,Skirmisher,solo,1
Giant Sea Horse,0.5,16 (3d10),13 (Natural Armor),0.0,0.0,0.0,0.0,0.0,0.2,0.2,0.4,0.0,0.2,0.0,0.0,Skirmisher,solo,1
Giant Seahorse,0.5,16 (3d10),14,0.0,0.0,0.0,0.0,0.0,0.0,0.0,0.7,0.0,0.0,0.0,0.0,Skirmisher,solo,1
Giant Shark,5.0,126 (11d12+55),13 (Natural Armor),0.0,0.0,0.0,0.0,0.0,0.2,0.2,0.5,0.0,0.0,0.0,0.0,Skirmisher,solo,1
Giant Spider,1.0,26 (4d10+4),14 (Natural Armor),0.0,0.0,0.0,0.0,0.0,0.3,0.0,0.2,0.0,0.7,0.0,0.0,"Brute, Controller",solo,1
Giant Toad,1.0,39 (6d10+6),11,0.0,0.0,0.0,0.7,0.0,0.5,0.0,0.0,0.0,0.6,0.0,0.0,"Solo Challenge, Brute, Controller",solo,1
Giant Venomous Snake,0.25,11 (2d8 + 2),14,0.0,0.0,0.0,0.0,0.0,0.0,0.0,0.7,0.0,0.0,0.0,0.0,Skirmisher,solo,1
Giant Vulture,1.0,22 (3d10+6),10,0.2,0.3,0.5,0.0,0.0,0.7,0.0,0.5,0.0,0.0,0.0,0.0,"Lieutenant, Minion, Brute, Skirmisher",solo,1
Giant Wasp,0.5,13 (3d8),12,0.0,0.0,0.0,0.0,0.0,0.7,0.0,0.5,0.0,0.2,0.0,0.0,"Brute, Skirmisher",solo,1
Giant Weasel,0.125,9 (2d8),13,0.0,0.0,0.0,0.0,0.0,0.3,0.5,0.0,0.0,0.0,0.0,0.0,"Brute, Tank",solo,1
Giant Wolf Spider,0.25,11 (2d8+2),13,0.0,0.0,0.0,0.0,0.0,0.3,0.0,0.5,0.0,0.5,0.0,0.0,"Brute, Skirmisher, Controller",solo,1
Gibbering Mouther,2.0,67 (9d8+27),9,0.0,0.0,0.0,0.4,0.0,0.5,0.8999999999999999,0.2,0.0,0.5,0.0,0.0,"Solo Challenge, Brute, Tank, Controller",solo,1
Glabrezu,9.0,157 (15d10+75),17 (Natural Armor),0.0,0.0,0.0,0.0,0.0,0.0,0.2,0.0,0.6,0.5,0.0,0.0,"Spellcaster, Controller",solo,1
Gladiator,5.0,112 (15d8+45),"16 (Studded Leather, Shield)",0.0,0.0,0.0,0.0,0.0,0.2,0.0,0.4,0.0,0.4,0.0,0.0,"Skirmisher, Controller",solo,1
Gnoll,0.5,22 (5d8),"15 (Hide Armor, Shield)",0.0,0.0,0.5,0.0,0.0,0.0,0.6000000000000001,0.2,0.0,0.0,0.0,0.0,"Minion, Tank",minion,2
Gnoll Warrior,0.5,27 (6d8),15,0.4,0.0,0.0,0.0,0.0,0.0,0.6000000000000001,0.2,0.0,0.0,0.0,0.0,"Boss, Tank",boss,2
Goat,0.0,4 (1d8),10,0.0,0.0,0.0,0.0,0.0,0.5,0.5,0.0,0.0,0.2,0.0,0.0,"Brute, Tank",solo,1
Goblin,0.25,7 (2d6),"15 (Leather Armor, Shield)",0.0,0.0,0.5,0.0,0.0,0.3,0.8999999999999999,0.2,0.0,0.0,0.0,0.0,"Minion, Brute, Tank",minion,3
Goblin Boss,1.0,21 (6d6),17,0.7,0.0,0.0,0.0,0.0,0.0,0.4,0.4,0.0,0.0,0.0,0.0,"Boss, Tank, Skirmisher",boss,3
Goblin Minion,0.125,7 (2d6),12,0.0,0.0,0.0,0.0,0.0,0.5,0.5,0.0,0.0,0.0,0.0,0.0,"Brute, Tank",solo,1
Goblin Warrior,0.25,10 (3d6),15,0.0,0.5,0.0,0.0,0.0,0.0,0.6000000000000001,0.4,0.0,0.0,0.0,0.0,"Lieutenant, Tank, Skirmisher",lieutenant,3
Gold Dragon Wyrmling,3.0,60 (8d8+24),17 (Natural Armor),0.0,0.0,0.0,0.4,0.0,0.0,0.6000000000000001,0.5,0.0,0.0,0.0,0.0,"Solo Challenge, Tank, Skirmisher",solo,1
Gorgon,5.0,114 (12d10+48),19 (Natural Armor),0.0,0.0,0.0,0.4,0.0,0.0,0.6000000000000001,0.4,0.0,0.4,0.0,0.0,"Solo Challenge, Tank, Skirmisher, Controller",solo,1
Gray Ooze,0.5,22 (3d8+9),8,0.0,0.0,0.0,0.0,0.0,0.5,0.4,0.4,0.0,0.0,0.0,0.0,"Brute, Tank, Skirmisher",solo,1
Green Dragon Wyrmling,2.0,38 (7d8+7),17 (Natural Armor),0.0,0.0,0.0,0.4,0.0,0.0,0.4,0.5,0.0,0.0,0.0,0.0,"Solo Challenge, Tank, Skirmisher",solo,1
Green Hag,3.0,82 (11d8+33),17 (Natural Armor),0.2,0.3,0.0,0.0,0.0,0.5,0.8999999999999999,0.2,0.6,0.0,0.4,0.0,"Lieutenant, Brute, Tank, Spellcaster, Ambusher",solo,1
Grick,2.0,27 (6d8),14 (Natural Armor),0.0,0.0,0.0,0.0,0.0,0.3,0.0,0.2,0.0,0.0,0.4,0.0,"Brute, Ambusher",solo,1
Griffon,2.0,59 (7d10+21),12,0.0,0.0,0.0,0.0,0.0,0.8,0.3,0.3,0.0,0.0,0.0,0.0,"Brute, Tank, Skirmisher",solo,1
Grimlock,0.25,11 (2d8+2),11,0.0,0.0,0.0,0.0,0.0,0.2,0.0,0.2,0.0,0.0,0.4,0.0,Ambusher,solo,1
Guard,0.125,11 (2d8+2),"16 (Chain Shirt, Shield)",0.0,0.0,0.5,0.0,0.0,0.0,0.6000000000000001,0.4,0.0,0.0,0.0,0.0,"Minion, Tank, Skirmisher",minion,2
Guard Captain,4.0,75 (10d8 + 30),18,0.4,0.4,0.0,0.0,0.0,0.5,0.4,0.2,0.0,0.0,0.0,0.0,"Boss, Lieutenant, Brute, Tank",boss,2
Guardian Naga,10.0,127 (15d10+45),18 (Natural Armor),0.2,0.0,0.0,0.0,0.0,0.3,0.0,0.4,0.9,0.0,0.0,0.0,"Brute, Skirmisher, Spellcaster",solo,1
Gynosphinx,11.0,136 (16d10+48),17 (Natural Armor),1.0,0.0,0.0,0.0,0.0,0.2,0.2,0.5,0.9,0.3,0.0,0.0,"Boss, Skirmisher, Spellcaster, Controller",solo,1
Half-Dragon,5.0,105 (14d8 + 42),18,0.0,0.0,0.0,0.4,0.0,0.0,0.4,0.4,0.0,0.0,0.0,0.0,"Solo Challenge, Tank, Skirmisher",solo,1
Half-Red Dragon Veteran,5.0,65 (10d8+20),18 (plate),0.0,0.4,0.0,0.4,0.0,0.2,0.6000000000000001,0.2,0.0,0.0,0.0,0.0,"Lieutenant, Solo Challenge, Tank",solo,1
Harpy,1.0,38 (7d8+7),11,0.0,0.0,0.0,0.0,0.0,0.7,0.0,0.3,0.0,0.2,0.0,0.0,"Brute, Skirmisher",solo,1
Hawk,0.0,1 (1d4-1),13,0.0,0.0,0.0,0.0,0.0,0.2,0.2,0.5,0.0,0.0,0.0,0.0,Skirmisher,solo,1
Hell Hound,3.0,45 (7d8+14),15 (Natural Armor),0.2,0.3,0.5,0.4,0.0,0.0,0.0,0.7,0.0,0.0,0.0,0.0,"Lieutenant, Minion, Solo Challenge, Skirmisher",solo,1
Hezrou,8.0,136 (13d10+65),16 (Natural Armor),0.0,0.0,0.0,0.0,0.0,0.2,0.2,0.2,0.0,0.0,0.0,0.0,Standard,solo,1
Hill Giant,5.0,105 (10d12+40),13 (Natural Armor),0.0,0.0,0.0,0.0,0.0,0.5,0.0,0.2,0.0,0.0,0.0,0.0,Brute,solo,1
Hippogriff,1.0,19 (3d10+3),11,0.0,0.0,0.0,0.0,0.0,0.5,0.0,0.5,0.0,0.0,0.0,0.0,"Brute, Skirmisher",solo,1
Hippopotamus,4.0,82 (11d10 + 22),14,0.0,0.0,0.0,0.0,0.0,0.3,0.0,0.0,0.0,0.0,0.0,0.0,Brute,solo,1
Hobgoblin,0.5,11 (2d8+2),"18 (Chain Mail, Shield)",0.2,0.3,0.5,0.0,0.0,0.0,0.6000000000000001,0.4,0.0,0.0,0.0,0.0,"Lieutenant, Minion, Tank, Skirmisher",minion,3
Hobgoblin Captain,3.0,58 (9d8 + 18),17,0.6000000000000001,0.7,0.0,0.0,0.0,0.5,0.4,0.2,0.0,0.0,0.0,0.0,"Boss, Lieutenant, Brute, Tank",boss,3
Hobgoblin Warrior,0.5,11 (2d8 + 2),18,0.2,0.8,0.5,0.0,0.0,0.3,0.4,0.4,0.0,0.0,0.0,0.0,"Lieutenant, Minion, Brute, Tank, Skirmisher",lieutenant,3
Homunculus,0.0,5 (2d4),13 (Natural Armor),0.2,0.3,0.0,0.0,0.0,0.5,0.5,0.5,0.0,0.0,0.0,0.0,"Lieutenant, Brute, Tank, Skirmisher",solo,1
Horned Devil,11.0,178 (17d10+85),18 (Natural Armor),0.0,0.0,0.0,0.0,0.0,0.2,0.2,0.5,0.0,0.3,0.0,0.0,"Skirmisher, Controller",solo,1
Hunter Shark,2.0,45 (6d10+12),12 (Natural Armor),0.0,0.0,0.0,0.0,0.0,0.0,0.0,0.3,0.0,0.0,0.0,0.0,Skirmisher,solo,1
Hydra,8.0,172 (15d12+75),15 (Natural Armor),0.0,0.0,0.0,0.0,0.0,0.2,0.2,0.0,0.0,0.6,0.0,0.0,Controller,solo,1
Hyena,0.0,5 (1d8+1),11,0.2,0.3,0.5,0.0,0.0,0.5,0.5,0.3,0.0,0.0,0.0,0.0,"Lieutenant, Minion, Brute, Tank, Skirmisher",solo,1
Ice Devil,14.0,180 (19d10+76),18 (Natural Armor),0.2,0.3,0.0,0.3,0.0,0.2,0.0,0.2,0.0,0.3,0.0,0.0,"Lieutenant, Solo Challenge, Controller",solo,1
Ice Mephit,0.5,21 (6d6),11,0.0,0.0,0.0,0.4,0.0,0.2,0.2,0.5,0.6,0.3,0.0,0.0,"Solo Challenge, Skirmisher, Spellcaster, Controller",solo,1
Imp,1.0,10 (3d4+3),13,0.2,0.3,0.0,0.0,0.0,0.5,0.0,0.5,0.0,0.3,0.4,0.0,"Lieutenant, Brute, Skirmisher, Controller, Ambusher",solo,1
Incubus,4.0,66 (12d8 + 12),15 (Natural Armor),0.4,0.3,0.0,0.0,0.0,0.0,0.2,0.3,0.0,0.2,0.0,0.0,"Boss, Lieutenant, Skirmisher",solo,1
Invisible Stalker,6.0,104 (16d8+32),14,0.0,0.0,0.0,0.0,0.0,0.0,0.2,0.8,0.0,0.0,0.4,0.0,"Skirmisher, Ambusher",solo,1
Iron Golem,16.0,210 (20d10+100),20 (Natural Armor),0.0,0.0,0.0,0.4,0.0,0.2,0.4,0.4,0.0,0.0,0.0,0.0,"Solo Challenge, Tank, Skirmisher",solo,1
Jackal,0.0,3 (1d6),12,0.2,0.3,0.5,0.0,0.0,0.0,0.2,0.0,0.0,0.0,0.0,0.0,"Lieutenant, Minion",solo,1
Killer Whale,3.0,90 (12d12+12),12 (Natural Armor),0.0,0.0,0.0,0.0,0.0,0.5,0.3,0.3,0.0,0.0,0.0,0.0,"Brute, Tank, Skirmisher",solo,1
Knight,3.0,52 (8d8+16),18 (Plate),0.6000000000000001,0.4,0.0,0.0,0.0,0.2,0.4,0.2,0.0,0.2,0.0,0.0,"Boss, Lieutenant, Tank",boss,2
Kobold,0.125,5 (2d6-2),12,0.2,0.3,1.0,0.0,0.0,0.5,0.5,0.0,0.0,0.0,0.0,0.0,"Lieutenant, Minion, Brute, Tank",minion,2
Kobold Warrior,0.125,7 (3d6 - 3),14,0.6000000000000001,0.3,0.5,0.0,0.0,0.3,0.5,0.2,0.0,0.0,0.0,0.0,"Boss, Lieutenant, Minion, Brute, Tank",boss,2
Kraken,23.0,472 (27d20+189),18 (Natural Armor),1.0,0.3,0.0,0.0,0.0,0.4,0.0,0.2,0.0,0.8999999999999999,0.0,0.0,"Boss, Lieutenant, Brute, Controller",solo,1
Lamia,4.0,97 (13d10+26),13 (Natural Armor),0.2,0.3,0.0,0.0,0.0,1.0,0.3,0.0,0.6,0.0,0.0,0.0,"Lieutenant, Brute, Tank, Spellcaster",solo,1
Lemure,0.0,13 (3d8),7,0.0,0.0,0.0,0.0,0.0,0.2,0.6000000000000001,0.4,0.0,0.3,0.0,0.0,"Tank, Skirmisher, Controller",solo,1
Lich,21.0,135 (18d8+54),17 (Natural Armor),1.0,0.0,0.0,0.0,0.0,0.4,0.2,0.2,0.9,0.2,0.0,0.0,"Boss, Brute, Spellcaster",solo,1
Lion,1.0,26 (4d10+4),12,0.2,0.3,0.5,0.3,0.0,0.2,0.2,0.3,0.0,0.2,0.0,0.0,"Lieutenant, Minion, Solo Challenge, Skirmisher",solo,1
Lizard,0.0,2 (1d4),10,0.0,0.0,0.0,0.0,0.0,0.4,0.2,0.0,0.0,0.0,0.0,0.0,Brute,solo,1
Lizardfolk,0.5,22 (4d8+4),"15 (Natural Armor, Shield)",0.0,0.0,0.0,0.0,0.0,0.0,0.4,0.2,0.0,0.0,0.0,0.0,Tank,solo,1
Mage,6.0,40 (9d8),12 (15 With Mage Armor),0.2,0.0,0.0,0.0,0.0,0.4,0.2,0.0,0.9,0.0,0.0,0.0,"Brute, Spellcaster",solo,1
Magma Mephit,0.5,22 (5d6+5),11,0.2,0.3,0.0,0.4,0.0,0.2,0.2,0.3,0.6,0.0,0.0,0.0,"Lieutenant, Solo Challenge, Skirmisher, Spellcaster",solo,1
Magmin,0.5,9 (2d6+2),14 (Natural Armor),0.0,0.0,0.0,0.4,0.0,0.3,0.5,0.2,0.0,0.0,0.0,0.0,"Solo Challenge, Brute, Tank",solo,1
Mammoth,6.0,126 (11d12+55),13 (Natural Armor),0.0,0.0,0.0,0.0,0.0,0.2,0.0,0.2,0.0,0.2,0.0,0.0,Standard,solo,1
Manticore,3.0,68 (8d10+24),14 (Natural Armor),0.0,0.0,0.0,0.0,0.0,0.3,0.3,0.3,0.0,0.0,0.0,0.0,"Brute, Tank, Skirmisher",solo,1
Marilith,16.0,189 (18d10+90),18 (Natural Armor),0.2,0.3,0.0,0.3,0.0,0.4,0.2,0.2,0.0,0.4,0.0,0.0,"Lieutenant, Solo Challenge, Brute, Controller",solo,1
Mastiff,0.125,5 (1d8+1),12,0.0,0.0,0.0,0.0,0.0,0.5,0.5,0.0,0.0,0.2,0.0,0.0,"Brute, Tank",solo,1
Medusa,6.0,127 (17d8+51),15 (Natural Armor),0.0,0.0,0.0,0.0,0.0,0.5,0.0,0.0,0.0,0.2,0.4,0.0,"Brute, Ambusher",solo,1
Merfolk,0.125,11 (2d8+2),11,0.0,0.0,0.0,0.0,0.0,0.4,0.2,0.2,0.0,0.0,0.0,0.0,Brute,solo,1
Merfolk Skirmisher,0.125,11 (2d8 + 2),11,0.4,0.3,0.0,0.0,0.0,0.4,0.2,0.2,0.0,0.0,0.0,0.0,"Boss, Lieutenant, Brute",solo,1
Merrow,2.0,45 (6d10+12),13 (Natural Armor),0.0,0.0,0.0,0.0,0.0,0.5,0.0,0.0,0.0,0.0,0.0,0.0,Brute,solo,1
Mimic,2.0,58 (9d8+18),12 (Natural Armor),0.0,0.0,0.0,0.0,0.0,0.5,0.3,0.0,0.0,0.2,0.0,0.0,"Brute, Tank",solo,1
Minotaur,3.0,76 (9d10+27),14 (Natural Armor),0.0,0.0,0.0,0.3,0.0,0.3,0.3,0.3,0.0,0.2,0.0,0.0,"Solo Challenge, Brute, Tank, Skirmisher",solo,1
Minotaur Skeleton,2.0,67 (9d10+18),12 (Natural Armor),0.0,0.0,0.0,0.3,0.0,0.6,0.3,0.0,0.0,0.2,0.0,0.0,"Solo Challenge, Brute, Tank",solo,1
Minotaur of Baphomet,3.0,85 (10d10 + 30),14,0.0,0.0,0.0,0.0,0.0,0.3,0.3,0.3,0.0,0.2,0.0,0.0,"Brute, Tank, Skirmisher",solo,1
Mule,0.125,11 (2d8+2),10,0.0,0.0,0.0,0.0,0.0,0.2,0.2,0.2,0.0,0.2,0.0,0.0,Standard,solo,1
Mummy,3.0,58 (9d8+18),11 (Natural Armor),0.0,0.0,0.5,0.0,0.0,0.4,0.0,0.0,0.0,0.4,0.0,0.0,"Minion, Brute, Controller",minion,2
Mummy Lord,15.0,97 (13d8+39),17 (Natural Armor),1.0,0.0,0.0,0.0,0.0,0.7,0.5,0.0,0.9,0.4,0.0,0.0,"Boss, Brute, Tank, Spellcaster, Controller",boss,2
Nalfeshnee,13.0,184 (16d10+96),18 (Natural Armor),0.2,0.3,0.0,0.3,0.0,0.5,0.0,0.3,0.0,0.2,0.0,0.0,"Lieutenant, Solo Challenge, Brute, Skirmisher",solo,1
Night Hag,5.0,112 (15d8+45),17 (Natural Armor),0.2,0.3,0.0,0.0,0.0,0.2,0.2,0.4,0.6,0.0,0.0,0.0,"Lieutenant, Skirmisher, Spellcaster",solo,1
Nightmare,3.0,68 (8d10+24),13 (Natural Armor),0.2,0.3,0.0,0.4,0.0,0.3,0.3,0.6,0.0,0.0,0.0,0.0,"Lieutenant, Solo Challenge, Brute, Tank, Skirmisher",solo,1
Noble,0.125,9 (2d8),15 (Breastplate),0.2,0.0,0.0,0.0,0.0,0.3,0.8999999999999999,0.2,0.0,0.0,0.0,0.0,"Brute, Tank",solo,1
Nothic,2.0,45 (6d8 + 18),15,0.0,0.0,0.0,0.0,0.0,0.5,0.0,0.2,0.0,0.0,0.0,0.0,Brute,solo,1
Ochre Jelly,2.0,45 (6d10+12),8,0.0,0.0,0.0,0.0,0.0,0.2,0.4,0.2,0.0,0.0,0.0,0.0,Tank,solo,1
Octopus,0.0,3 (1d6),12,0.0,0.0,0.0,0.0,0.0,0.0,0.2,0.3,0.0,0.2,0.4,0.0,"Skirmisher, Ambusher",solo,1
Ogre,2.0,59 (7d10+21),11 (Hide Armor),0.0,0.0,0.0,0.0,0.0,0.5,0.3,0.0,0.0,0.0,0.0,0.0,"Brute, Tank",solo,1
Ogre Zombie,2.0,85 (9d10+36),8,0.0,0.0,0.0,0.0,0.0,0.5,0.7,0.2,0.0,0.0,0.0,0.0,"Brute, Tank",solo,1
Oni,7.0,110 (13d10+39),16 (Chain Mail),0.2,0.3,0.0,0.0,0.0,0.0,0.2,0.5,0.6,0.3,0.0,0.0,"Lieutenant, Skirmisher, Spellcaster, Controller",solo,1
Orc,0.5,15 (2d8+6),13 (Hide Armor),0.0,0.0,0.0,0.0,0.0,0.0,0.0,0.4,0.0,0.0,0.0,0.0,Skirmisher,solo,1
Otherworldly Steed,0.0,25,12 (plus 1 per spell level; base included),0.0,0.0,0.0,0.0,0.0,0.0,0.2,0.6,0.0,0.0,0.0,0.0,Skirmisher,solo,1
Otyugh,5.0,114 (12d10+48),14 (Natural Armor),0.2,0.3,0.0,0.0,0.0,0.2,0.2,0.2,0.0,0.6,0.0,0.0,"Lieutenant, Controller",solo,1
Owl,0.0,1 (1d4-1),11,0.0,0.0,0.0,0.0,0.0,0.2,0.2,0.8,0.0,0.0,0.0,0.0,Skirmisher,solo,1
Owlbear,3.0,59 (7d10+21),13 (Natural Armor),0.0,0.0,0.0,0.0,0.0,0.3,0.0,0.3,0.0,0.0,0.0,0.0,"Brute, Skirmisher",solo,1
Panther,0.25,13 (3d8),12,0.0,0.0,0.0,0.0,0.0,0.2,0.2,0.5,0.0,0.2,0.0,0.0,Skirmisher,solo,1
Pegasus,2.0,59 (7d10+21),12,0.0,0.0,0.0,0.0,0.0,0.5,0.3,0.6,0.0,0.0,0.0,0.0,"Brute, Tank, Skirmisher",solo,1
Phase Spider,3.0,32 (5d10+5),13 (Natural Armor),0.2,0.3,0.0,0.0,0.0,0.3,0.0,0.2,0.0,0.5,0.0,0.0,"Lieutenant, Brute, Controller",solo,1
Piranha,0.0,1 (1d4 - 1),13,0.0,0.0,0.0,0.0,0.0,0.0,0.2,0.5,0.0,0.0,0.0,0.0,Skirmisher,solo,1
Pirate,1.0,33 (6d8 + 6),14,0.0,0.0,0.5,0.0,0.0,0.0,0.0,0.2,0.0,0.2,0.0,0.0,Minion,minion,2
Pirate Captain,6.0,84 (13d8 + 26),17,0.4,0.4,0.0,0.0,0.0,0.5,0.3,0.2,0.0,0.0,0.0,0.0,"Boss, Lieutenant, Brute, Tank",boss,2
Pit Fiend,20.0,300 (24d10+168),19 (Natural Armor),0.0,0.0,0.0,0.0,0.0,0.4,0.0,0.3,0.6,0.2,0.0,0.0,"Brute, Skirmisher, Spellcaster",solo,1
Planetar,16.0,200 (16d10+112),19 (Natural Armor),0.4,0.3,0.0,0.0,0.0,0.0,0.2,0.5,0.6,0.0,0.0,0.0,"Boss, Lieutenant, Skirmisher, Spellcaster",solo,1
Plesiosaurus,2.0,68 (8d10+24),13 (Natural Armor),0.0,0.0,0.0,0.0,0.0,0.8,0.3,0.0,0.0,0.0,0.0,0.0,"Brute, Tank",solo,1
Poisonous Snake,0.125,2 (1d4),13,0.0,0.0,0.0,0.0,0.0,0.0,0.2,0.2,0.0,0.0,0.0,0.0,Standard,solo,1
Polar Bear,2.0,42 (5d10+15),12 (Natural Armor),0.0,0.0,0.0,0.0,0.0,0.3,0.0,0.3,0.0,0.0,0.0,0.0,"Brute, Skirmisher",solo,1
Pony,0.125,11 (2d8+2),10,0.0,0.0,0.0,0.0,0.0,0.2,0.2,0.2,0.0,0.0,0.0,0.0,Standard,solo,1
Priest,2.0,27 (5d8+5),13 (Chain Shirt),0.4,0.3,0.0,0.0,0.0,0.2,0.2,0.0,0.9,0.0,0.0,0.0,"Boss, Lieutenant, Spellcaster",solo,1
Priest Acolyte,0.25,11 (2d8 + 2),13,0.0,0.0,0.0,0.0,0.0,0.0,0.0,0.2,0.0,0.0,0.0,0.0,Standard,solo,1
Pseudodragon,0.25,7 (2d4+2),13,0.2,0.3,0.0,0.0,0.0,0.5,0.5,0.3,0.0,0.0,0.0,0.0,"Lieutenant, Brute, Tank, Skirmisher",solo,1
Pteranodon,0.25,13 (3d8),13,0.0,0.0,0.0,0.0,0.0,0.2,0.2,0.5,0.0,0.0,0.0,0.0,Skirmisher,solo,1
Purple Worm,15.0,247 (15d20+90),18 (Natural Armor),0.0,0.0,0.0,0.4,0.0,0.8,0.3,0.3,0.0,0.4,0.0,0.0,"Solo Challenge, Brute, Tank, Skirmisher, Controller",solo,1
Quasit,1.0,7 (3d4),13,0.2,0.3,0.0,0.0,0.0,0.3,0.3,0.0,0.0,0.2,0.4,0.0,"Lieutenant, Brute, Tank, Ambusher",solo,1
Quipper,0.0,1 (1d4-1),13,0.0,0.0,0.0,0.0,0.0,0.0,0.2,0.5,0.0,0.0,0.0,0.0,Skirmisher,solo,1
Rakshasa,13.0,110 (13d8+52),16 (Natural Armor),0.2,0.0,0.0,0.0,0.0,0.2,0.2,0.2,0.6,0.0,0.0,0.0,Spellcaster,solo,1
Rat,0.0,1 (1d4-1),10,0.0,0.0,0.0,0.0,0.0,0.4,0.2,0.2,0.0,0.0,0.0,0.0,Brute,solo,1
Raven,0.0,1 (1d4-1),12,0.0,0.0,0.0,0.0,0.0,0.2,0.2,0.5,0.0,0.0,0.0,0.0,Skirmisher,solo,1
Red Dragon Wyrmling,4.0,75 (10d8+30),17 (Natural Armor),0.0,0.0,0.0,0.4,0.0,0.0,0.2,0.5,0.0,0.0,0.0,0.0,"Solo Challenge, Skirmisher",solo,1
Reef Shark,0.5,22 (4d8+4),12 (Natural Armor),0.2,0.3,0.5,0.0,0.0,0.0,0.2,0.3,0.0,0.0,0.0,0.0,"Lieutenant, Minion, Skirmisher",solo,1
Remorhaz,11.0,195 (17d12+85),17 (Natural Armor),0.0,0.0,0.0,0.4,0.0,0.2,0.0,0.0,0.0,0.6,0.0,0.0,"Solo Challenge, Controller",solo,1
Rhinoceros,2.0,45 (6d10+12),11 (Natural Armor),0.0,0.0,0.0,0.0,0.0,0.5,0.0,0.0,0.0,0.2,0.0,0.0,Brute,solo,1
Riding Horse,0.25,13 (2d10+2),10,0.0,0.0,0.0,0.0,0.0,0.2,0.0,0.5,0.0,0.0,0.0,0.0,Skirmisher,solo,1
Roc,11.0,248 (16d20+80),15 (Natural Armor),0.0,0.0,0.0,0.0,0.0,1.0,0.3,0.3,0.0,0.4,0.0,0.0,"Brute, Tank, Skirmisher, Controller",solo,1
Roper,5.0,93 (11d10+33),20 (Natural Armor),0.0,0.0,0.0,0.3,0.0,0.5,0.8999999999999999,0.2,0.0,0.4,0.0,0.0,"Solo Challenge, Brute, Tank, Controller",solo,1
Rug of Smothering,2.0,33 (6d10),12,0.0,0.0,0.0,0.0,0.0,0.4,0.2,0.0,0.0,0.4,0.0,0.0,"Brute, Controller",solo,1
Rust Monster,0.5,27 (5d8+5),14 (Natural Armor),0.0,0.0,0.0,0.4,0.0,0.0,0.2,0.2,0.0,0.0,0.0,0.0,Solo Challenge,solo,1
Saber-Toothed Tiger,2.0,52 (7d10 + 14),12,0.0,0.0,0.0,0.0,0.0,0.2,0.0,0.0,0.0,0.2,0.0,0.0,Standard,solo,1
Sahuagin,0.5,22 (4d8+4),12 (Natural Armor),0.2,0.3,0.5,0.0,0.0,0.0,0.0,0.0,0.0,0.0,0.0,0.0,"Lieutenant, Minion",minion,2
Sahuagin Warrior,0.5,22 (4d8 + 4),12,0.6000000000000001,0.3,0.0,0.0,0.0,0.2,0.0,0.0,0.0,0.0,0.0,0.0,"Boss, Lieutenant",boss,2
Salamander,5.0,90 (12d10+24),15 (Natural Armor),0.2,0.3,0.0,0.0,0.0,0.8,0.3,0.0,0.0,0.4,0.0,0.0,"Lieutenant, Brute, Tank, Controller",solo,1
Satyr,0.5,31 (7d8),14 (Leather Armor),0.0,0.0,0.0,0.0,0.0,0.0,0.2,0.2,0.0,0.0,0.0,0.0,Standard,solo,1
Scorpion,0.0,1 (1d4-1),11 (Natural Armor),0.0,0.0,0.0,0.0,0.0,0.4,0.2,0.2,0.0,0.0,0.0,0.0,Brute,solo,1
Scout,0.5,16 (3d8+3),13 (Leather Armor),0.0,0.0,0.5,0.0,0.0,0.3,0.0,0.4,0.0,0.0,0.0,0.0,"Minion, Brute, Skirmisher",minion,2
Sea Hag,2.0,52 (7d8+21),14 (Natural Armor),0.2,0.3,0.0,0.0,0.0,0.0,0.0,0.2,0.0,0.2,0.4,0.0,"Lieutenant, Ambusher",solo,1
Sea Horse,0.0,1 (1d4-1),11,0.0,0.0,0.0,0.0,0.0,0.2,0.2,0.5,0.0,0.0,0.0,0.0,Skirmisher,solo,1
Seahorse,0.0,1 (1d4 - 1),12,0.0,0.0,0.0,0.0,0.0,0.0,0.2,0.5,0.0,0.0,0.0,0.0,Skirmisher,solo,1
Shadow,0.5,16 (3d8+3),12,0.0,0.0,0.0,0.0,0.0,0.2,0.0,0.2,0.0,0.3,0.4,0.0,"Controller, Ambusher",solo,1
Shambling Mound,5.0,136 (16d10+48),15 (Natural Armor),0.0,0.0,0.0,0.0,0.0,0.2,0.0,0.0,0.0,0.4,0.0,0.0,Controller,solo,1
Shield Guardian,7.0,142 (15d10+60),17 (Natural Armor),0.2,0.3,0.0,0.0,0.0,0.2,0.2,0.2,0.0,0.0,0.0,0.0,Lieutenant,solo,1
Shrieker,0.0,13 (3d8),5,0.0,0.0,0.0,0.0,0.0,0.2,0.6000000000000001,0.4,0.0,0.0,0.0,0.0,"Tank, Skirmisher",solo,1
Shrieker Fungus,0.0,13 (3d8),5,0.0,0.0,0.0,0.0,0.0,0.0,0.6000000000000001,0.7,0.0,0.0,0.0,0.0,"Tank, Skirmisher",solo,1
Silver Dragon Wyrmling,2.0,45 (6d8+18),17 (Natural Armor),0.0,0.0,0.0,0.4,0.0,0.0,0.6000000000000001,0.5,0.0,0.2,0.0,0.0,"Solo Challenge, Tank, Skirmisher",solo,1
Skeleton,0.25,13 (2d8+4),13 (Armor Scraps),0.0,0.0,0.0,0.0,0.0,0.0,0.2,0.2,0.0,0.0,0.0,0.0,Standard,solo,1
Slaad Tadpole,0.125,7 (3d4),12,0.0,0.0,0.0,0.0,0.0,0.5,0.5,0.0,0.0,0.0,0.0,0.0,"Brute, Tank",solo,1
Solar,21.0,243 (18d10+144),21 (Natural Armor),1.0,0.3,0.0,0.0,0.0,0.3,0.0,0.8,0.6,0.0,0.0,0.0,"Boss, Lieutenant, Brute, Skirmisher, Spellcaster",solo,1
Specter,1.0,22 (5d8),12,0.0,0.0,0.0,0.0,0.0,0.4,0.0,0.3,0.0,0.3,0.0,0.0,"Brute, Skirmisher, Controller",solo,1
Sphinx of Lore,11.0,170 (20d10 + 60),17,1.0,0.0,0.0,0.0,0.0,0.2,0.0,0.3,0.0,0.0,0.0,0.0,"Boss, Skirmisher",solo,1
Sphinx of Valor,17.0,199 (19d10 + 95),17,1.0,0.3,0.0,0.0,0.0,0.2,0.0,0.5,0.0,0.6,0.0,0.0,"Boss, Lieutenant, Skirmisher, Controller",solo,1
Sphinx of Wonder,1.0,24 (7d4 + 7),13,0.0,0.0,0.0,0.0,0.0,0.5,0.0,0.3,0.0,0.0,0.0,0.0,"Brute, Skirmisher",solo,1
Spider,0.0,1 (1d4-1),12,0.0,0.0,0.0,0.0,0.0,0.2,0.2,0.2,0.0,0.3,0.0,0.0,Controller,solo,1
Spirit Naga,8.0,75 (10d10+20),15 (Natural Armor),0.0,0.0,0.0,0.0,0.0,0.5,0.3,0.0,0.9,0.0,0.0,0.0,"Brute, Tank, Spellcaster",solo,1
Sprite,0.25,2 (1d4),15 (Leather Armor),0.2,0.3,0.0,0.0,0.0,0.2,0.6000000000000001,0.7,0.0,0.0,0.4,0.0,"Lieutenant, Tank, Skirmisher, Ambusher",solo,1
Spy,1.0,27 (6d8),12,0.4,0.3,0.0,0.0,0.0,0.2,0.0,0.0,0.0,0.0,0.0,0.0,"Boss, Lieutenant",solo,1
Steam Mephit,0.25,21 (6d6),10,0.2,0.0,0.0,0.4,0.0,0.2,0.2,0.5,0.6,0.0,0.0,0.0,"Solo Challenge, Skirmisher, Spellcaster",solo,1
Stirge,0.125,2 (1d4),14 (Natural Armor),0.0,0.0,0.0,0.0,0.0,0.2,0.2,0.7,0.0,0.0,0.0,0.0,Skirmisher,solo,1
Stone Giant,7.0,126 (11d12+55),17 (Natural Armor),0.0,0.0,0.0,0.0,0.0,0.0,0.0,0.4,0.0,0.2,0.4,0.0,"Skirmisher, Ambusher",solo,1
Stone Golem,10.0,178 (17d10+85),17 (Natural Armor),0.0,0.0,0.0,0.0,0.0,0.4,0.2,0.0,0.0,0.0,0.0,0.0,Brute,solo,1
Storm Giant,13.0,230 (20d12+100),16 (Scale Mail),0.0,0.0,0.0,0.0,0.0,0.6,0.3,0.3,0.6,0.0,0.0,0.0,"Brute, Tank, Skirmisher, Spellcaster",solo,1
Succubus,4.0,66 (12d8 + 12),15 (Natural Armor),0.4,0.3,0.0,0.0,0.0,0.0,0.2,0.3,0.0,0.2,0.0,0.0,"Boss, Lieutenant, Skirmisher",solo,1
Succubus (Incubus),4.0,66 (12d8+12),15 (Natural Armor),0.4,0.3,0.0,0.0,0.0,0.0,0.2,0.3,0.0,0.2,0.0,0.0,"Boss, Lieutenant, Skirmisher",solo,1
Swarm of Bats,0.25,22 (5d8),12,0.0,0.0,0.0,0.0,0.0,0.4,0.2,0.3,0.0,0.0,0.0,0.9,"Brute, Skirmisher, Swarm",solo,1
Swarm of Beetles,0.5,22 (5d8),12 (Natural Armor),0.0,0.0,0.0,0.0,0.0,0.2,0.0,0.0,0.0,0.0,0.0,0.9,Swarm,solo,1
Swarm of Centipedes,0.5,22 (5d8),12 (Natural Armor),0.0,0.0,0.0,0.0,0.0,0.2,0.0,0.0,0.0,0.2,0.0,0.9,Swarm,solo,1
Swarm of Crawling Claws,3.0,49 (11d8),12,0.0,0.0,0.0,0.0,0.0,0.2,0.0,0.2,0.0,0.2,0.0,0.9,Swarm,solo,1
Swarm of Insects,0.5,22 (5d8),12 (Natural Armor),0.0,0.0,0.0,0.0,0.0,0.2,0.0,0.0,0.0,0.0,0.0,0.9,Swarm,solo,1
Swarm of Piranhas,1.0,28 (8d8 - 8),13,0.0,0.0,0.0,0.0,0.0,0.0,0.0,0.3,0.0,0.0,0.0,0.9,"Skirmisher, Swarm",solo,1
Swarm of Poisonous Snakes,2.0,36 (8d8),14,0.0,0.0,0.0,0.0,0.0,0.0,0.2,0.2,0.0,0.0,0.0,0.9,Swarm,solo,1
Swarm of Quippers,1.0,28 (8d8-8),13,0.0,0.0,0.0,0.0,0.0,0.5,0.0,0.0,0.0,0.0,0.0,0.9,"Brute, Swarm",solo,1
Swarm of Rats,0.25,24 (7d8-7),10,0.0,0.0,0.0,0.0,0.0,0.2,0.2,0.0,0.0,0.0,0.0,0.9,Swarm,solo,1
Swarm of Ravens,0.25,24 (7d8-7),12,0.0,0.0,0.0,0.0,0.0,0.4,0.2,0.3,0.0,0.0,0.0,0.9,"Brute, Skirmisher, Swarm",solo,1
Swarm of Spiders,0.5,22 (5d8),12 (Natural Armor),0.0,0.0,0.0,0.0,0.0,0.2,0.0,0.0,0.0,0.3,0.0,0.9,"Controller, Swarm",solo,1
Swarm of Venomous Snakes,2.0,36 (8d8),14,0.0,0.0,0.0,0.0,0.0,0.3,0.0,0.2,0.0,0.0,0.0,0.9,"Brute, Swarm",solo,1
Swarm of Wasps,0.5,22 (5d8),12 (Natural Armor),0.0,0.0,0.0,0.0,0.0,0.0,0.0,0.6,0.0,0.0,0.0,0.9,"Skirmisher, Swarm",solo,1
Tarrasque,30.0,676 (33d20+330),25 (Natural Armor),1.0,0.0,0.0,0.0,0.0,0.4,0.2,0.2,0.0,0.6,0.0,0.0,"Boss, Brute, Controller",solo,1
Thug,0.5,32 (5d8+10),11 (Leather Armor),0.2,0.3,0.5,0.0,0.0,0.2,0.0,0.0,0.0,0.0,0.0,0.0,"Lieutenant, Minion",solo,1
Tiger,1.0,37 (5d10+10),12,0.0,0.0,0.0,0.0,0.0,0.2,0.0,0.0,0.0,0.2,0.0,0.0,Standard,solo,1
Tough,0.5,32 (5d8 + 10),12,0.2,0.3,1.0,0.0,0.0,0.2,0.2,0.0,0.0,0.0,0.0,0.0,"Lieutenant, Minion",minion,2
Tough Boss,4.0,82 (11d8 + 33),16,0.8999999999999999,0.3,0.5,0.3,0.0,0.2,0.0,0.2,0.0,0.0,0.0,0.0,"Boss, Lieutenant, Minion, Solo Challenge",boss,2
Treant,9.0,138 (12d12+60),16 (Natural Armor),0.2,0.3,0.0,0.0,0.0,0.2,0.2,0.2,0.0,0.0,0.0,0.0,Lieutenant,solo,1
Tribal Warrior,0.125,11 (2d8+2),12 (Hide Armor),0.2,0.3,0.5,0.0,0.0,0.0,0.2,0.2,0.0,0.0,0.0,0.0,"Lieutenant, Minion",solo,1
Triceratops,5.0,95 (10d12+30),13 (Natural Armor),0.0,0.0,0.0,0.0,0.0,0.5,0.5,0.3,0.0,0.2,0.0,0.0,"Brute, Tank, Skirmisher",solo,1
Troll,5.0,84 (8d10+40),15 (Natural Armor),0.0,0.0,0.0,0.0,0.0,0.2,0.2,0.0,0.0,0.0,0.0,0.0,Standard,solo,1
Troll Limb,0.5,14 (4d6),13,0.0,0.0,0.0,0.0,0.0,0.2,0.0,0.2,0.0,0.0,0.0,0.0,Standard,solo,1
Tyrannosaurus Rex,8.0,136 (13d12+52),13 (Natural Armor),0.0,0.0,0.0,0.0,0.0,0.5,0.0,0.5,0.0,0.4,0.0,0.0,"Brute, Skirmisher, Controller",solo,1
Unicorn,5.0,67 (9d10+18),12,1.0,0.3,0.0,0.0,0.0,0.2,0.2,0.3,0.6,0.2,0.0,0.0,"Boss, Lieutenant, Skirmisher, Spellcaster",solo,1
Vampire,13.0,144 (17d8+68),16 (Natural Armor),1.0,0.3,0.0,0.0,0.0,0.4,0.2,0.2,0.0,0.6,0.0,0.0,"Boss, Lieutenant, Brute, Controller",solo,1
Vampire Familiar,3.0,65 (10d8 + 20),15,0.2,0.3,0.0,0.0,0.0,0.3,0.0,0.0,0.0,0.2,0.0,0.0,"Lieutenant, Brute",solo,1
Vampire Spawn,5.0,82 (11d8+33),15 (Natural Armor),0.0,0.0,0.0,0.0,0.0,0.2,0.2,0.0,0.0,0.4,0.0,0.0,Controller,solo,1
Venomous Snake,0.125,5 (2d4),12,0.0,0.0,0.0,0.0,0.0,0.5,0.3,0.0,0.0,0.0,0.0,0.0,"Brute, Tank",solo,1
Veteran,3.0,58 (9d8+18),17 (Splint),0.0,0.4,0.5,0.0,0.0,0.2,0.6000000000000001,0.2,0.0,0.0,0.0,0.0,"Lieutenant, Minion, Tank",minion,2
Violet Fungus,0.25,18 (4d8),5,0.0,0.0,0.0,0.0,0.0,0.0,0.6000000000000001,0.7,0.0,0.0,0.0,0.0,"Tank, Skirmisher",solo,1
Vrock,6.0,104 (11d10+44),15 (Natural Armor),0.0,0.0,0.0,0.0,0.0,0.0,0.0,0.8,0.0,0.2,0.0,0.0,Skirmisher,solo,1
Vulture,0.0,5 (1d8+1),10,0.2,0.3,0.5,0.0,0.0,0.7,0.5,0.3,0.0,0.0,0.0,0.0,"Lieutenant, Minion, Brute, Tank, Skirmisher",solo,1
Warhorse,0.5,19 (3d10+3),11,0.0,0.0,0.0,0.0,0.0,0.2,0.0,0.5,0.0,0.2,0.0,0.0,Skirmisher,solo,1
Warhorse Skeleton,0.5,22 (3d10+6),13 (Barding Scraps),0.0,0.0,0.0,0.0,0.0,0.0,0.0,0.7,0.0,0.0,0.0,0.0,Skirmisher,solo,1
Warrior Infantry,0.125,9 (2d8),13,0.2,0.3,0.5,0.0,0.0,0.3,0.5,0.0,0.0,0.0,0.0,0.0,"Lieutenant, Minion, Brute, Tank",solo,1
Warrior Veteran,3.0,65 (10d8 + 20),17,0.4,0.4,0.0,0.0,0.0,0.5,0.4,0.2,0.0,0.0,0.0,0.0,"Boss, Lieutenant, Brute, Tank",boss,2
Water Elemental,5.0,114 (12d10+48),14 (Natural Armor),0.2,0.3,0.0,0.0,0.0,0.0,0.0,0.2,0.0,0.4,0.0,0.0,"Lieutenant, Controller",solo,1
Weasel,0.0,1 (1d4-1),13,0.0,0.0,0.0,0.0,0.0,0.0,0.2,0.2,0.0,0.0,0.0,0.0,Standard,solo,1
Werebear,5.0,135 (18d8+54),"10 (In Humanoid Form, 11 In Bear And Hybrid Forms )",0.0,0.0,0.0,0.0,0.0,0.2,0.0,0.2,0.0,0.0,0.0,0.0,Standard,solo,1
Wereboar,4.0,78 (12d8+24),"10 (In Humanoid Form, 11 In Boar And Hybrid Forms )",0.0,0.0,0.0,0.0,0.0,0.2,0.2,0.0,0.0,0.2,0.0,0.0,Standard,solo,1
Wererat,2.0,33 (6d8+6),12,0.0,0.0,0.0,0.0,0.0,0.4,0.2,0.0,0.0,0.0,0.0,0.0,Brute,solo,1
Weretiger,4.0,120 (16d8+48),12,0.0,0.0,0.0,0.0,0.0,0.2,0.2,0.2,0.0,0.2,0.0,0.0,Standard,solo,1
Werewolf,3.0,58 (9d8+18),"11 (In Humanoid Form, 12 In Wolf Or Hybrid Form)",0.0,0.0,0.0,0.0,0.0,0.2,0.2,0.0,0.0,0.0,0.0,0.0,Standard,solo,1
White Dragon Wyrmling,2.0,32 (5d8+10),16 (Natural Armor),0.0,0.0,0.0,0.4,0.0,0.0,0.4,0.5,0.0,0.0,0.0,0.0,"Solo Challenge, Tank, Skirmisher",solo,1
Wight,3.0,45 (6d8+18),14 (Studded Leather),0.0,0.0,0.0,0.0,0.0,0.5,0.0,0.2,0.0,0.0,0.0,0.0,Brute,solo,1
Will-o'-Wisp,2.0,22,19,0.2,0.3,0.0,0.4,0.0,0.2,0.6000000000000001,0.7,0.0,0.3,0.4,0.0,"Lieutenant, Solo Challenge, Tank, Skirmisher, Controller, Ambusher",solo,1
Winter Wolf,3.0,75 (10d10+20),13 (Natural Armor),0.2,0.3,0.5,0.4,0.0,0.3,0.5,0.3,0.0,0.2,0.4,0.0,"Lieutenant, Minion, Solo Challenge, Brute, Tank, Skirmisher, Ambusher",solo,1
Wolf,0.25,11 (2d8+2),13 (Natural Armor),0.2,0.3,1.0,0.0,0.0,0.0,0.2,0.4,0.0,0.2,0.0,0.0,"Lieutenant, Minion, Skirmisher",minion,2
Worg,0.5,26 (4d10+4),13 (Natural Armor),0.0,0.0,0.0,0.0,0.0,0.0,0.0,0.5,0.0,0.2,0.0,0.0,Skirmisher,solo,1
Wraith,5.0,67 (9d8+27),13,0.0,0.0,0.0,0.0,0.0,0.4,0.2,0.3,0.0,0.3,0.0,0.0,"Brute, Skirmisher, Controller",solo,1
Wyvern,6.0,110 (13d10+39),13 (Natural Armor),0.0,0.0,0.0,0.0,0.0,0.7,0.0,0.5,0.0,0.0,0.0,0.0,"Brute, Skirmisher",solo,1
Xorn,5.0,73 (7d8+42),19 (Natural Armor),0.0,0.0,0.0,0.0,0.0,0.5,0.4,0.2,0.0,0.0,0.4,0.0,"Brute, Tank, Ambusher",solo,1
Young Black Dragon,7.0,127 (15d10+45),18 (Natural Armor),0.0,0.0,0.5,0.4,0.0,0.0,0.4,1.0,0.0,0.0,0.0,0.0,"Minion, Solo Challenge, Tank, Skirmisher",minion,3
Young Blue Dragon,9.0,152 (16d10+64),18 (Natural Armor),0.0,0.0,0.5,0.4,0.0,0.0,0.0,0.5,0.0,0.0,0.0,0.0,"Minion, Solo Challenge, Skirmisher",minion,3
Young Brass Dragon,6.0,110 (13d10+39),17 (Natural Armor),0.0,0.0,0.5,0.4,0.0,0.0,0.0,0.7,0.0,0.0,0.0,0.0,"Minion, Solo Challenge, Skirmisher",minion,3
Young Bronze Dragon,8.0,142 (15d10+60),18 (Natural Armor),0.0,0.0,0.5,0.4,0.0,0.0,0.2,0.8,0.0,0.0,0.0,0.0,"Minion, Solo Challenge, Skirmisher",minion,3
Young Copper Dragon,7.0,119 (14d10+42),17 (Natural Armor),0.0,0.0,0.5,0.4,0.0,0.0,0.2,0.7,0.0,0.0,0.0,0.0,"Minion, Solo Challenge, Skirmisher",minion,3
Young Gold Dragon,10.0,178 (17d10+85),18 (Natural Armor),0.0,0.0,0.5,0.4,0.0,0.0,0.2,0.8,0.0,0.0,0.0,0.0,"Minion, Solo Challenge, Skirmisher",minion,3
Young Green Dragon,8.0,136 (16d10+48),18 (Natural Armor),0.0,0.0,0.5,0.4,0.0,0.0,0.0,1.0,0.0,0.0,0.0,0.0,"Minion, Solo Challenge, Skirmisher",minion,3
Young Red Dragon,10.0,178 (17d10+85),18 (Natural Armor),0.0,0.0,0.5,0.4,0.0,0.0,0.0,0.5,0.0,0.0,0.0,0.0,"Minion, Solo Challenge, Skirmisher",minion,3
Young Silver Dragon,9.0,168 (16d10+80),18 (Natural Armor),0.0,0.0,0.5,0.4,0.0,0.0,0.2,0.8,0.0,0.2,0.0,0.0,"Minion, Solo Challenge, Skirmisher",minion,3
Young White Dragon,6.0,133 (14d10+56),17 (Natural Armor),0.2,0.3,0.5,0.4,0.0,0.3,0.0,0.5,0.0,0.3,0.0,0.0,"Lieutenant, Minion, Solo Challenge, Brute, Skirmisher, Controller",minion,3
Zombie,0.25,22 (3d8+9),8,0.0,0.0,0.0,0.0,0.0,0.2,0.6000000000000001,0.4,0.0,0.0,0.0,0.0,"Tank, Skirmisher",solo,1
