Name,Size,Type,Alignment,HP,AC,Speed,Challenge_Rating,XP,STR,STR_Mod,DEX,DEX_Mod,CON,CON_Mod,INT,INT_Mod,WIS,WIS_Mod,CHA,CHA_Mod,Saving_Throws,Skills,Vulnerabilities,Damage_Vulnerabilities,Resistances,Immunities,Condition_Immunities,Passive_Perception,Senses,Languages,Traits,Actions,Reactions,Legendary_Actions,Legendary_Actions_Num,Bonus_Actions,Source_Name,Image_URL,cr_numeric
Bandit,Medium,humanoid (any race),Any Non-lawful Alignment,11 (2d8+2),12 (Leather Armor),30 ft.,1/8,25,11,0,12,1,12,1,10,0,10,0,10,0,—,—,—,—,—,—,—,10,—,Any One Language (Usually Common),—,"[{""Name"":""Scimitar"",""Type Attack"":""Weapon Attack"",""Type"":""Melee"",""Hit Bonus"":""3"",""Reach"":""5 ft."",""Target"":""one target"",""Damage"":""1d6 + 1"",""Damage Type"":""slashing""},{""Name"":""Light Crossbow"",""Type Attack"":""Weapon Attack"",""Type"":""Ranged"",""Hit Bonus"":""3"",""Reach"":""80/320 ft."",""Target"":""one target"",""Damage"":""1d8 + 1"",""Damage Type"":""piercing""}]",—,—,—,,Free Basic Rules (2014),https://files.d20.io/images/390058168/cvGQSDE9871pfZPXMZfa2Q/original.png,0.125
Kobold,Small,humanoid (kobold),Lawful Evil,5 (2d6-2),12,30 ft.,1/8,25,7,-2,15,2,9,-1,8,-1,7,-2,8,-1,—,—,—,—,—,—,—,8,Darkvision 60 Ft.,"Common, Draconic","[{""Name"":""Sunlight Sensitivity"",""Desc"":""While in sunlight, the kobold has disadvantage on attack rolls, as well as on Wisdom (Perception) checks that rely on sight.""},{""Name"":""Pack Tactics"",""Desc"":""The kobold has advantage on an attack roll against a creature if at least one of the kobold's allies is within 5 ft. of the creature and the ally isn't incapacitated.""}]","[{""Name"":""Dagger"",""Type Attack"":""Weapon Attack"",""Type"":""Melee"",""Hit Bonus"":""4"",""Reach"":""5 ft."",""Target"":""one target"",""Damage"":""1d4 + 2"",""Damage Type"":""piercing""},{""Name"":""Sling"",""Type Attack"":""Weapon Attack"",""Type"":""Ranged"",""Hit Bonus"":""4"",""Reach"":""30/120 ft."",""Target"":""one target"",""Damage"":""1d4 + 2"",""Damage Type"":""bludgeoning""}]",—,—,—,,Free Basic Rules (2014),https://files.d20.io/images/390065390/c9xfEhjuslpK4cAFAw7A7A/original.png,0.125
Goblin,Small,humanoid (goblinoid),Neutral Evil,7 (2d6),"15 (Leather Armor, Shield)",30 ft.,1/4,50,8,-1,14,2,10,0,10,0,8,-1,8,-1,—,Stealth +6,—,—,—,—,—,9,Darkvision 60 Ft.,"Common, Goblin","[{""Name"":""Nimble Escape"",""Desc"":""The goblin can take the Disengage or Hide action as a bonus action on each of its turns.""}]","[{""Name"":""Scimitar"",""Type Attack"":""Weapon Attack"",""Type"":""Melee"",""Hit Bonus"":""4"",""Reach"":""5 ft."",""Target"":""one target"",""Damage"":""1d6 + 2"",""Damage Type"":""slashing""},{""Name"":""Shortbow"",""Type Attack"":""Weapon Attack"",""Type"":""Ranged"",""Hit Bonus"":""4"",""Reach"":""80/320 ft."",""Target"":""one target"",""Damage"":""1d6 + 2"",""Damage Type"":""piercing""}]",—,—,—,,Free Basic Rules (2014),https://files.d20.io/images/390064346/r02-1vRP1XQSg3iWbV3fjQ/original.png,0.25
Zombie,Medium,undead,Neutral Evil,22 (3d8+9),8,20 ft.,1/4,50,13,1,6,-2,16,3,3,-4,6,-2,5,-3,Wis +0,—,—,—,—,Poison,Poisoned,8,Darkvision 60 Ft.,Understands All Languages It Spoke In Life But Can't Speak,"[{""Name"":""Undead Fortitude"",""Desc"":""If damage reduces the zombie to 0 hit points, it must make a Constitution saving throw with a DC of 5+the damage taken, unless the damage is radiant or from a critical hit. On a success, the zombie drops to 1 hit point instead.""}]","[{""Name"":""Slam"",""Type Attack"":""Weapon Attack"",""Type"":""Melee"",""Hit Bonus"":""3"",""Reach"":""5 ft."",""Target"":""one target"",""Damage"":""1d6 + 1"",""Damage Type"":""bludgeoning""}]",—,—,—,,Free Basic Rules (2014),https://files.d20.io/images/390117229/hdvSrygFbQ1zdbKB3NbT9A/original.png,0.25
Swarm of Insects,Medium,swarm of tiny beasts,Unaligned,22 (5d8),12 (Natural Armor),"20 ft., climb 20 ft.",1/2,100,3,-4,13,1,10,0,1,-5,7,-2,1,-5,—,—,—,—,"Bludgeoning, Piercing, Slashing",—,"Charmed, Frightened, Grappled, Paralyzed, Petrified, Prone, Restrained, Stunned",8,Blindsight 10 Ft.,—,"[{""Name"":""Swarm"",""Desc"":""The swarm can occupy another creature's space and vice versa, and the swarm can move through any opening large enough for a Tiny insect. The swarm can't regain hit points or gain temporary hit points.""}]","[{""Name"":""Bites (swarm has more than half HP)"",""Type Attack"":""Weapon Attack"",""Type"":""Melee"",""Hit Bonus"":""3"",""Reach"":""0 ft."",""Target"":""one target in the swarm's space"",""Damage"":""4d4"",""Damage Type"":""piercing""},{""Name"":""Bites (swarm has half HP or less)"",""Type Attack"":""Weapon Attack"",""Type"":""Melee"",""Hit Bonus"":""3"",""Reach"":""0 ft."",""Target"":""one target in the swarm's space"",""Damage"":""2d4"",""Damage Type"":""piercing""}]",—,—,—,,Free Basic Rules (2014),https://files.d20.io/images/390116069/KfJYcVcUH1zizfLfAL3xQQ/original.png,0.5
Ape,Medium,beast,Unaligned,19 (3d8+6),12,"30 ft., climb 30 ft.",1/2,100,16,3,14,2,14,2,6,-2,12,1,7,-2,—,"Athletics +5, Perception +3",—,—,—,—,—,13,—,—,—,"[{""Name"":""Multiattack"",""Desc"":""The ape makes two fist attacks.""},{""Name"":""Fist"",""Type Attack"":""Weapon Attack"",""Type"":""Melee"",""Hit Bonus"":""5"",""Reach"":""5 ft."",""Target"":""one target"",""Damage"":""1d6 + 3"",""Damage Type"":""bludgeoning""},{""Name"":""Rock"",""Type Attack"":""Weapon Attack"",""Type"":""Ranged"",""Hit Bonus"":""5"",""Reach"":""25/50 ft."",""Target"":""one target"",""Damage"":""1d6 + 3"",""Damage Type"":""bludgeoning""}]",—,—,—,,Free Basic Rules (2014),https://files.d20.io/images/390057691/_ncBC1uwPRUeqNSJwJdLrA/original.png,0.5
Giant Spider,Large,beast,Unaligned,26 (4d10+4),14 (Natural Armor),"30 ft., climb 30 ft.",1,200,14,2,16,3,12,1,2,-4,11,0,4,-3,—,Stealth +7,—,—,—,—,—,10,"Blindsight 10 Ft., Darkvision 60 Ft.",—,"[{""Name"":""Spider Climb"",""Desc"":""The spider can climb difficult surfaces, including upside down on ceilings, without needing to make an ability check.""},{""Name"":""Web Sense"",""Desc"":""While in contact with a web, the spider knows the exact location of any other creature in contact with the same web.""},{""Name"":""Web Walker"",""Desc"":""The spider ignores movement restrictions caused by webbing.""}]","[{""Name"":""Bite"",""Type Attack"":""Weapon Attack"",""Type"":""Melee"",""Hit Bonus"":""5"",""Reach"":""5 ft."",""Target"":""one creature"",""Damage"":""1d8 + 3"",""Damage Type"":""piercing"",""Damage 2"":""2d8"",""Damage 2 Type"":""poison"",""Desc"":""The target must make a DC 11 Constitution saving throw, taking the poison damage on a failed save, or half as much damage on a successful one. If the poison damage reduces the target to 0 hit points, the target is stable but poisoned for 1 hour, even after regaining hit points, and is paralyzed while poisoned in this way.""},{""Name"":""Web (Recharge 5-6)"",""Type Attack"":""Weapon Attack"",""Type"":""Ranged"",""Hit Bonus"":""5"",""Reach"":""30/60 ft."",""Target"":""one creature"",""Desc"":""The target is restrained by webbing As an action, the restrained target can make a DC 12 Strength check, bursting the webbing on a success. The webbing can also be attacked and destroyed (AC 10; hp 5; vulnerability to fire damage; immunity to bludgeoning, poison, and psychic damage).""}]",—,—,—,,Free Basic Rules (2014),https://files.d20.io/images/390063781/Ahu35xxQMN-1_haFQAPusQ/original.png,1.0
Dire Wolf,Large,beast,Unaligned,37 (5d10+10),14 (Natural Armor),50 ft.,1,200,17,3,15,2,15,2,3,-4,12,1,7,-2,—,"Perception +3, Stealth +4",—,—,—,—,—,13,—,—,"[{""Name"":""Keen Hearing and Smell"",""Desc"":""The wolf has advantage on Wisdom (Perception) checks that rely on hearing or smell.""},{""Name"":""Pack Tactics"",""Desc"":""The wolf has advantage on an attack roll against a creature if at least one of the wolf's allies is within 5 ft. of the creature and the ally isn't incapacitated.""}]","[{""Name"":""Bite"",""Type Attack"":""Weapon Attack"",""Type"":""Melee"",""Hit Bonus"":""5"",""Reach"":""5 ft."",""Target"":""one target"",""Damage"":""2d6 + 3"",""Damage Type"":""piercing"",""Desc"":""If the target is a creature, it must succeed on a DC 13 Strength saving throw or be knocked prone""}]",—,—,—,,Free Basic Rules (2014),https://files.d20.io/images/390061969/tAnX706DDeqCqrlFAtxE0w/original.png,1.0
Ogre,Large,giant,Chaotic Evil,59 (7d10+21),11 (Hide Armor),40 ft.,2,450,19,4,8,-1,16,3,5,-3,7,-2,7,-2,—,—,—,—,—,—,—,8,Darkvision 60 Ft.,"Common, Giant",—,"[{""Name"":""Greatclub"",""Type Attack"":""Weapon Attack"",""Type"":""Melee"",""Hit Bonus"":""6"",""Reach"":""5 ft."",""Target"":""one target"",""Damage"":""2d8 + 4"",""Damage Type"":""bludgeoning""},{""Name"":""Javelin (Melee)"",""Type Attack"":""Weapon Attack"",""Type"":""Melee"",""Hit Bonus"":""6"",""Reach"":""5 ft."",""Target"":""one target"",""Damage"":""2d6 + 4"",""Damage Type"":""piercing""},{""Name"":""Javelin (Ranged)"",""Type Attack"":""Weapon Attack"",""Type"":""Ranged"",""Hit Bonus"":""6"",""Reach"":""30/120 ft."",""Target"":""one target"",""Damage"":""2d6 + 4"",""Damage Type"":""piercing""}]",—,—,—,,Free Basic Rules (2014),https://files.d20.io/images/390066397/blTLLKTO7PcODGKdOnvCsA/original.png,2.0
Pegasus,Large,celestial,Chaotic Good,59 (7d10+21),12,"60 ft., fly 90 ft.",2,450,18,4,15,2,16,3,10,0,15,2,13,1,"Dex +4, Wis +4, Cha +3",Perception +6,—,—,—,—,—,16,—,"Understands Celestial, Common, Elvish, And Sylvan But Can't Speak",—,"[{""Name"":""Hooves"",""Type Attack"":""Weapon Attack"",""Type"":""Melee"",""Hit Bonus"":""6"",""Reach"":""5 ft."",""Target"":""one target"",""Damage"":""2d6 + 4"",""Damage Type"":""bludgeoning""}]",—,—,—,,Free Basic Rules (2014),https://files.d20.io/images/390066523/BasYiqdiZGI1Et0wRcvdYA/original.png,2.0
Owlbear,Large,monstrosity,Unaligned,59 (7d10+21),13 (Natural Armor),40 ft.,3,700,20,5,12,1,17,3,3,-4,12,1,7,-2,—,Perception +3,—,—,—,—,—,13,Darkvision 60 Ft.,—,"[{""Name"":""Keen Sight and Smell"",""Desc"":""The owlbear has advantage on Wisdom (Perception) checks that rely on sight or smell.""}]","[{""Name"":""Multiattack"",""Desc"":""The owlbear makes two attacks: one with its beak and one with its claws.""},{""Name"":""Beak"",""Type Attack"":""Weapon Attack"",""Type"":""Melee"",""Hit Bonus"":""7"",""Reach"":""5 ft."",""Target"":""one creature"",""Damage"":""1d10 + 5"",""Damage Type"":""piercing""},{""Name"":""Claws"",""Type Attack"":""Weapon Attack"",""Type"":""Melee"",""Hit Bonus"":""7"",""Reach"":""5 ft."",""Target"":""one target"",""Damage"":""2d8 + 5"",""Damage Type"":""slashing""}]",—,—,—,,Free Basic Rules (2014),https://files.d20.io/images/390066493/9dTiCr5IkqEIGU2VbuDnMw/original.png,3.0
Otyugh,Large,aberration,Neutral,114 (12d10+48),14 (Natural Armor),30 ft.,5,"1,800",16,3,11,0,19,4,6,-2,13,1,6,-2,Con +7,—,—,—,—,—,—,11,Darkvision 120 Ft.,Otyugh,"[{""Name"":""Limited Telepathy"",""Desc"":""The otyugh can magically transmit simple messages and images to any creature within 120 ft. of it that can understand a language. This form of telepathy doesn't allow the receiving creature to telepathically respond.""}]","[{""Name"":""Multiattack"",""Desc"":""The otyugh makes three attacks: one with its bite and two with its tentacles.""},{""Name"":""Bite"",""Type Attack"":""Weapon Attack"",""Type"":""Melee"",""Hit Bonus"":""6"",""Reach"":""5 ft."",""Target"":""one target"",""Damage"":""2d8 + 3"",""Damage Type"":""piercing"",""Desc"":""If the target is a creature, it must succeed on a DC 15 Constitution saving throw against disease or become poisoned until the disease is cured. Every 24 hours that elapse, the target must repeat the saving throw, reducing its hit point maximum by 5 (1d10) on a failure. The disease is cured on a success. The target dies if the disease reduces its hit point maximum to 0. This reduction to the target's hit point maximum lasts until the disease is cured""},{""Name"":""Tentacle"",""Type Attack"":""Weapon Attack"",""Type"":""Melee"",""Hit Bonus"":""6"",""Reach"":""10 ft."",""Target"":""one target"",""Damage"":""1d8 + 3"",""Damage Type"":""bludgeoning"",""Damage 2"":""1d8"",""Damage 2 Type"":""piercing"",""Desc"":""If the target is Medium or smaller, it is grappled (escape DC 13) and restrained until the grapple ends. The otyugh has two tentacles, each of which can grapple one target""},{""Name"":""Tentacle Slam"",""Desc"":""The otyugh slams creatures grappled by it into each other or a solid surface. Each creature must succeed on a DC 14 Constitution saving throw or take 10 (2d6 + 3) bludgeoning damage and be stunned until the end of the otyugh's next turn. On a successful save, the target takes half the bludgeoning damage and isn't stunned.""}]",—,—,—,,Free Basic Rules (2014),https://files.d20.io/images/390066463/t4uRWpfSKTUPD98w4oCz1A/original.png,5.0
Troll,Large,giant,Chaotic Evil,84 (8d10+40),15 (Natural Armor),30 ft.,5,"1,800",18,4,13,1,20,5,7,-2,9,-1,7,-2,—,Perception +2,—,—,—,—,—,12,Darkvision 60 Ft.,Giant,"[{""Name"":""Keen Smell"",""Desc"":""The troll has advantage on Wisdom (Perception) checks that rely on smell.""},{""Name"":""Regeneration"",""Desc"":""The troll regains 10 hit points at the start of its turn. If the troll takes acid or fire damage, this trait doesn't function at the start of the troll's next turn. The troll dies only if it starts its turn with 0 hit points and doesn't regenerate.""}]","[{""Name"":""Multiattack"",""Desc"":""The troll makes three attacks: one with its bite and two with its claws.""},{""Name"":""Bite"",""Type Attack"":""Weapon Attack"",""Type"":""Melee"",""Hit Bonus"":""7"",""Reach"":""5 ft."",""Target"":""one target"",""Damage"":""1d6 + 4"",""Damage Type"":""piercing""},{""Name"":""Claw"",""Type Attack"":""Weapon Attack"",""Type"":""Melee"",""Hit Bonus"":""7"",""Reach"":""5 ft."",""Target"":""one target"",""Damage"":""2d6 + 4"",""Damage Type"":""slashing""}]",—,—,—,,Free Basic Rules (2014),https://files.d20.io/images/390116370/gNl4cSclpNc3Y-ygxdNuQQ/original.png,5.0
Vampire,Medium,undead (shapechanger),Lawful Evil,144 (17d8+68),16 (Natural Armor),30 ft.,13,"10,000",18,4,18,4,18,4,17,3,15,2,18,4,"Dex +9, Wis +7, Cha +9","Perception +7, Stealth +9",—,—,"Necrotic; Bludgeoning, Piercing, and Slashing From Nonmagical Attacks",—,—,17,Darkvision 120 Ft.,The Languages It Knew In Life,"[{""Name"":""Shapechanger"",""Desc"":""If the vampire isn't in sun light or running water, it can use its action to polymorph into a Tiny bat or a Medium cloud of mist, or back into its true form. While in bat form, the vampire can't speak, its walking speed is 5 feet, and it has a flying speed of 30 feet. Its statistics, other than its size and speed, are unchanged. Anything it is wearing transforms with it, but nothing it is carrying does. It reverts to its true form if it dies. While in mist form, the vampire can't take any actions, speak, or manipulate objects. It is weightless, has a flying speed of 20 feet, can hover, and can enter a hostile creature's space and stop there. In addition, if air can pass through a space, the mist can do so without squeezing, and it can't pass through water. It has advantage on Strength, Dexterity, and Constitution saving throws, and it is immune to all nonmagical damage, except the damage it takes from sunlight.""},{""Name"":""Legendary Resistance (3/Day)"",""Desc"":""If the vampire fails a saving throw, it can choose to succeed instead.""},{""Name"":""Misty Escape"",""Desc"":""When it drops to 0 hit points outside its resting place, the vampire transforms into a cloud of mist (as in the Shapechanger trait) instead of falling unconscious, provided that it isn't in sunlight or running water. If it can't transform, it is destroyed. While it has 0 hit points in mist form, it can't revert to its vampire form, and it must reach its resting place within 2 hours or be destroyed. Once in its resting place, it reverts to its vampire form. It is then paralyzed until it regains at least 1 hit point. After spending 1 hour in its resting place with 0 hit points, it regains 1 hit point.""},{""Name"":""Regeneration"",""Desc"":""The vampire regains 20 hit points at the start of its turn if it has at least 1 hit point and isn't in sunlight or running water. If the vampire takes radiant damage or damage from holy water, this trait doesn't function at the start of the vampire's next turn.""},{""Name"":""Spider Climb"",""Desc"":""The vampire can climb difficult surfaces, including upside down on ceilings, without needing to make an ability check.""},{""Name"":""Vampire Weaknesses"",""Desc"":""The vampire has the following flaws:  Forbiddance. The vampire can't enter a residence without an invitation from one of the occupants. Harmed by Running Water. The vampire takes 20 acid damage if it ends its turn in running water. Stake to the Heart. If a piercing weapon made of wood is driven into the vampire's heart while the vampire is incapacitated in its resting place, the vampire is paralyzed until the stake is removed. Sunlight Hypersensitivity. The vampire takes 20 radiant damage when it starts its turn in sunlight. While in sunlight, it has disadvantage on attack rolls and ability checks.""}]","[{""Name"":""Multiattack (Vampire Form Only)"",""Desc"":""The vampire makes two attacks, only one of which can be a bite attack.""},{""Name"":""Unarmed Strike (Vampire Form Only)"",""Type Attack"":""Weapon Attack"",""Type"":""Melee"",""Hit Bonus"":""9"",""Reach"":""5 ft."",""Target"":""one creature"",""Damage"":""1d8 + 4"",""Damage Type"":""bludgeoning"",""Desc"":""Instead of dealing damage, the vampire can grapple the target (escape DC 18)""},{""Name"":""Bite (Bat or Vampire Form Only)"",""Type Attack"":""Weapon Attack"",""Type"":""Melee"",""Hit Bonus"":""9"",""Reach"":""5 ft."",""Target"":""one willing creature, or a creature that is grappled by the vampire, incapacitated, or restrained"",""Damage"":""1d6 + 4"",""Damage Type"":""piercing"",""Damage 2"":""3d6"",""Damage 2 Type"":""necrotic"",""Desc"":""The target's hit point maximum is reduced by an amount equal to the necrotic damage taken, and the vampire regains hit points equal to that amount. The reduction lasts until the target finishes a long rest. The target dies if this effect reduces its hit point maximum to 0. A humanoid slain in this way and then buried in the ground rises the following night as a vampire spawn under the vampire's control""},{""Name"":""Charm"",""Desc"":""The vampire targets one humanoid it can see within 30 ft. of it. If the target can see the vampire, the target must succeed on a DC 17 Wisdom saving throw against this magic or be charmed by the vampire. The charmed target regards the vampire as a trusted friend to be heeded and protected. Although the target isn't under the vampire's control, it takes the vampire's requests or actions in the most favorable way it can, and it is a willing target for the vampire's bit attack. Each time the vampire or the vampire's companions do anything harmful to the target, it can repeat the saving throw, ending the effect on itself on a success. Otherwise, the effect lasts 24 hours or until the vampire is destroyed, is on a different plane of existence than the target, or takes a bonus action to end the effect.""},{""Name"":""Children of the Night (1/Day)"",""Desc"":""The vampire magically calls 2d4 swarms of bats or rats, provided that the sun isn't up. While outdoors, the vampire can call 3d6 wolves instead. The called creatures arrive in 1d4 rounds, acting as allies of the vampire and obeying its spoken commands. The beasts remain for 1 hour, until the vampire dies, or until the vampire dismisses them as a bonus action.""}]",—,"[{""Name"":""Move"",""Desc"":""The vampire moves up to its speed without provoking opportunity attacks.""},{""Name"":""Unarmed Strike"",""Desc"":""The vampire makes one unarmed strike.""},{""Name"":""Bite (Costs 2 Actions)"",""Desc"":""The vampire makes one bite attack.""}]",3,,Free Basic Rules (2014),https://files.d20.io/images/390116529/DoJAP-8eVBEwF7RWfyKbtQ/original.png,13.0
Lich,Medium,undead,Any Evil Alignment,135 (18d8+54),17 (Natural Armor),30 ft.,21,"33,000",11,0,16,3,16,3,20,5,14,2,16,3,"Con +10, Int +12, Wis +9","Arcana +18, History +12, Insight +9, Perception +9",—,—,"Cold, Lightning, Necrotic","Poison; Bludgeoning, Piercing, and Slashing From Nonmagical Attacks","Charmed, Exhaustion, Frightened, Paralyzed, Poisoned",19,Truesight 120 Ft.,Common Plus Up To Five Other Languages,"[{""Name"":""Legendary Resistance (3/Day)"",""Desc"":""If the lich fails a saving throw, it can choose to succeed instead.""},{""Name"":""Rejuvenation"",""Desc"":""If it has a phylactery, a destroyed lich gains a new body in 1d10 days, regaining all its hit points and becoming active again. The new body appears within 5 feet of the phylactery.""},{""Name"":""Spellcasting"",""Desc"":""The lich is an 18th-level spellcaster. Its spellcasting ability is Intelligence (spell save DC 20, +12 to hit with spell attacks). The lich has the following wizard spells prepared:   \u2022 Cantrips (at will): mage hand, prestidigitation, ray of frost \u2022 1st level (4 slots): detect magic, magic missile, shield, thunderwave \u2022 2nd level (3 slots): detect thoughts, invisibility, acid arrow, mirror image \u2022 3rd level (3 slots): animate dead, counterspell, dispel magic, fireball \u2022 4th level (3 slots): blight, dimension door \u2022 5th level (3 slots): cloudkill, scrying \u2022 6th level (1 slot): disintegrate, globe of invulnerability \u2022 7th level (1 slot): finger of death, plane shift \u2022 8th level (1 slot): dominate monster, power word stun \u2022 9th level (1 slot): power word kill""},{""Name"":""Turn Resistance"",""Desc"":""The lich has advantage on saving throws against any effect that turns undead.""}]","[{""Name"":""Paralyzing Touch"",""Type Attack"":""Spell Attack"",""Type"":""Melee"",""Hit Bonus"":""12"",""Reach"":""5 ft."",""Target"":""one creature"",""Damage"":""3d6"",""Damage Type"":""cold"",""Desc"":""The target must succeed on a DC 18 Constitution saving throw or be paralyzed for 1 minute. The target can repeat the saving throw at the end of each of its turns, ending the effect on itself on a success""}]",—,"[{""Name"":""Cantrip"",""Desc"":""The lich casts a cantrip.""},{""Name"":""Paralyzing Touch (Costs 2 Actions)"",""Desc"":""The lich uses its Paralyzing Touch.""},{""Name"":""Frightening Gaze (Costs 2 Actions)"",""Desc"":""The lich fixes its gaze on one creature it can see within 10 feet of it. The target must succeed on a DC 18 Wisdom saving throw against this magic or become frightened for 1 minute. The frightened target can repeat the saving throw at the end of each of its turns, ending the effect on itself on a success. If a target's saving throw is successful or the effect ends for it, the target is immune to the lich's gaze for the next 24 hours.""},{""Name"":""Disrupt Life (Costs 3 Actions)"",""Desc"":""Each non-undead creature within 20 feet of the lich must make a DC 18 Constitution saving throw against this magic, taking 21 (6d6) necrotic damage on a failed save, or half as much damage on a successful one.""}]",3,,Free Basic Rules (2014),https://files.d20.io/images/391836295/efe2LIo1yPQD5WUM71SlRg/original.png,21.0
