pattern,features,mapping_type,notes,count,monsters
aura,,unmapped,Broad aura pattern - partially captured by specific conditions,63,Adult Black Dragon|Adult Brass Dragon|Adult Bronze Dragon|Adult Copper Dragon|Adult Gold Dragon|Adult Green Dragon|Adult Silver Dragon|Ancient Black Dragon|Ancient Blue Dragon|Ancient Brass Dragon|Ancient Bronze Dragon|Ancient Copper Dragon|Ancient Gold Dragon|Ancient Green Dragon|Ancient Red Dragon|Ancient Silver Dragon|Ancient White Dragon|Androsphinx|Balor|Bearded Devil|Black Pudding|Chain Devil|Chuul|Cloaker|Diseased Giant Rat|Djinni|Flesh Golem|Gelatinous Cube|Gibbering Mouther|Hezrou|Ice Devil|Incubus|Kraken|Lich|Magma Mephit|Mummy Lord|Nalfeshnee|Nightmare|Pit Fiend|Purple Worm|Remorhaz|Rust Monster|Sahuagin|Sea Hag|Shield Guardian|Shrieker|Storm Giant|Succubus|Succubus (Incubus)|Tarrasque|Treant|Vrock|Water Elemental|Will-o'-Wisp|Wraith
fear_effect,,unmapped,Frightful Presence / fear aura (beyond inflicts_frightened),45,Adult Black Dragon|Adult Blue Dragon|Adult Brass Dragon|Adult Bronze Dragon|Adult Copper Dragon|Adult Gold Dragon|Adult Green Dragon|Adult Red Dragon|Adult Silver Dragon|Adult White Dragon|Ancient Black Dragon|Ancient Blue Dragon|Ancient Brass Dragon|Ancient Bronze Dragon|Ancient Copper Dragon|Ancient Gold Dragon|Ancient Green Dragon|Ancient Red Dragon|Ancient Silver Dragon|Ancient White Dragon|Androsphinx|Ghost|Sea Hag|Tarrasque
shapechange,,unmapped,No feature for shapechange ability,26,Adult Bronze Dragon|Adult Gold Dragon|Adult Silver Dragon|Ancient Brass Dragon|Ancient Bronze Dragon|Ancient Copper Dragon|Ancient Gold Dragon|Ancient Silver Dragon|Couatl|Deva|Doppelganger|Imp|Incubus|Mimic|Night Hag|Oni|Quasit|Succubus|Succubus (Incubus)|Vampire|Werebear|Wereboar|Wererat|Weretiger|Werewolf
regains_hp,,unmapped,HP recovery abilities (beyond regeneration),25,Aboleth|Bearded Devil|Diseased Giant Rat|Hydra|Mummy|Mummy Lord|Oni|Pit Fiend|Shield Guardian|Swarm of Bats|Swarm of Beetles|Swarm of Centipedes|Swarm of Insects|Swarm of Poisonous Snakes|Swarm of Quippers|Swarm of Rats|Swarm of Ravens|Swarm of Spiders|Swarm of Wasps|Troll|Vampire|Vampire Spawn
revert_form,,unmapped,Paired with shapechange,24,Adult Bronze Dragon|Adult Gold Dragon|Adult Silver Dragon|Ancient Brass Dragon|Ancient Bronze Dragon|Ancient Copper Dragon|Ancient Gold Dragon|Ancient Silver Dragon|Couatl|Deva|Doppelganger|Imp|Incubus|Mimic|Oni|Quasit|Succubus|Succubus (Incubus)|Vampire|Werebear|Wereboar|Wererat|Weretiger|Werewolf
cant_regain_hp,,unmapped,Prevents target HP recovery,14,Aboleth|Bearded Devil|Mummy|Mummy Lord|Swarm of Bats|Swarm of Beetles|Swarm of Centipedes|Swarm of Insects|Swarm of Poisonous Snakes|Swarm of Quippers|Swarm of Rats|Swarm of Ravens|Swarm of Spiders|Swarm of Wasps
ongoing_damage,,unmapped,Recurring damage each turn,14,Behir|Chain Devil|Fire Elemental|Gelatinous Cube|Giant Frog|Giant Toad|Kraken|Magmin|Pit Fiend|Purple Worm|Remorhaz|Tarrasque|Vrock
swallow,,unmapped,Swallow/engulf mechanic,13,Behir|Darkmantle|Gelatinous Cube|Giant Frog|Giant Toad|Kraken|Purple Worm|Remorhaz|Shambling Mound|Tarrasque
reduces_hp_max,,unmapped,"HP max reduction (vampires, wraiths)",12,Clay Golem|Incubus|Mummy|Mummy Lord|Night Hag|Specter|Succubus|Succubus (Incubus)|Vampire|Vampire Spawn|Wight|Wraith
explodes_on_death,,unmapped,Explosion on death,11,Balor|Dust Mephit|Flesh Golem|Gibbering Mouther|Hydra|Ice Devil|Ice Mephit|Magma Mephit|Magmin|Steam Mephit|Vampire Spawn
ethereal,,unmapped,Ethereal plane access,10,Ghost|Incubus|Night Hag|Nightmare|Phase Spider|Succubus|Succubus (Incubus)
charm_effect,,unmapped,Charm effect beyond inflicts_charmed,10,Aboleth|Dryad|Harpy|Incubus|Succubus|Succubus (Incubus)|Vampire
inflicts_unconscious,,unmapped,Not in CONDITIONS list (10 occurrences),10,Adult Brass Dragon|Ancient Brass Dragon|Animated Armor|Brass Dragon Wyrmling|Couatl|Flying Sword|Pseudodragon|Rug of Smothering|Sprite|Young Brass Dragon
stealth_advantage,,unmapped,Advantage on Stealth checks,8,Deep Gnome (Svirfneblin)|Giant Octopus|Grick|Grimlock|Octopus|Stone Giant|Winter Wolf|Xorn
death_burst,,unmapped,Damage/effect on death,7,Balor|Dust Mephit|Ice Devil|Ice Mephit|Magma Mephit|Magmin|Steam Mephit
heals_on_damage,,unmapped,Heals equal to damage dealt,6,Clay Golem|Flesh Golem|Iron Golem|Shambling Mound|Vampire|Vampire Spawn
teleport,,unmapped,Teleportation ability,6,Archmage|Balor|Blink Dog|Marilith|Nalfeshnee|Unicorn
surprise_attack,,unmapped,Surprise-based bonus,6,Assassin|Bugbear|Doppelganger|Gelatinous Cube|Sea Hag
incorporeal,,unmapped,Move through objects/creatures,4,Ghost|Specter|Will-o'-Wisp|Wraith
damage_on_start_turn,,unmapped,Damage at start of turn,3,Troll|Vampire|Vampire Spawn
regeneration_prevention,,unmapped,Conditions that stop regeneration,3,Troll|Vampire|Vampire Spawn
gaze_attack,,unmapped,"Gaze-based attacks (medusa, etc.)",2,Basilisk|Medusa
speed_reduction,,unmapped,Speed reduction effect,2,Gibbering Mouther|Water Elemental
bonus_action_hide,,unmapped,Hide as bonus action (Nimble Escape),2,Goblin|Shadow
life_drain,,unmapped,Life drain mechanic,1,Wight
damage_on_end_turn,,unmapped,Damage at end of turn,1,Hydra
